mode,selectivity,threshold,query_idx,query,strategy,recall_at_k,completeness_at_k,n_returned,candidates,gls_rho,lat_p50_ms,lat_p95_ms
uncorrelated,1.0,1000,0,বিশ্ববিদ্যালয় ভর্তি,pre_filter,1.0,1.0,10,10,0.0,3126.0207919985987,3363.4137776098214
uncorrelated,1.0,1000,0,বিশ্ববিদ্যালয় ভর্তি,post_filter,1.0,1.0,10,10,0.0,5.643242970108986,5.726524459896609
uncorrelated,1.0,1000,0,বিশ্ববিদ্যালয় ভর্তি,over_fetch,1.0,1.0,10,100,0.0,5.749954958446324,6.00111706298776
uncorrelated,1.0,1000,0,বিশ্ববিদ্যালয় ভর্তি,iterative,1.0,1.0,10,10,0.0,4.994792980141938,5.034179700305685
uncorrelated,1.0,1000,1,শিক্ষা নীতি পরিবর্তন,pre_filter,1.0,1.0,10,10,0.0,3090.830528992228,3173.319403489586
uncorrelated,1.0,1000,1,শিক্ষা নীতি পরিবর্তন,post_filter,1.0,1.0,10,10,0.0,4.539499001111835,4.565964388893917
uncorrelated,1.0,1000,1,শিক্ষা নীতি পরিবর্তন,over_fetch,1.0,1.0,10,100,0.0,4.745228972751647,5.009277310455218
uncorrelated,1.0,1000,1,শিক্ষা নীতি পরিবর্তন,iterative,1.0,1.0,10,10,0.0,4.386619955766946,4.657934879651293
uncorrelated,1.0,1000,2,স্কুল শিক্ষার্থী,pre_filter,1.0,1.0,10,10,0.0,3076.170006999746,3242.572027578717
uncorrelated,1.0,1000,2,স্কুল শিক্ষার্থী,post_filter,1.0,1.0,10,10,0.0,4.486027988605201,4.616261599585414
uncorrelated,1.0,1000,2,স্কুল শিক্ষার্থী,over_fetch,1.0,1.0,10,100,0.0,4.7982700052671134,4.8812814929988235
uncorrelated,1.0,1000,2,স্কুল শিক্ষার্থী,iterative,1.0,1.0,10,10,0.0,4.476770991459489,4.479583539068699
uncorrelated,1.0,1000,3,পরীক্ষার ফলাফল,pre_filter,0.9,1.0,10,10,0.0,3087.6022900338285,3175.141158985207
uncorrelated,1.0,1000,3,পরীক্ষার ফলাফল,post_filter,0.9,1.0,10,10,0.0,4.8909460310824215,5.3075992269441485
uncorrelated,1.0,1000,3,পরীক্ষার ফলাফল,over_fetch,0.9,1.0,10,100,0.0,4.751742002554238,4.782372619956732
uncorrelated,1.0,1000,3,পরীক্ষার ফলাফল,iterative,0.9,1.0,10,10,0.0,4.445049969945103,4.452624381519854
uncorrelated,1.0,1000,4,নির্বাচন কমিশন,pre_filter,0.9,1.0,10,10,0.0,3119.72787999548,3173.3529534831177
uncorrelated,1.0,1000,4,নির্বাচন কমিশন,post_filter,0.9,1.0,10,10,0.0,4.315694037359208,4.426794539904222
uncorrelated,1.0,1000,4,নির্বাচন কমিশন,over_fetch,0.9,1.0,10,100,0.0,4.633386968635023,5.315765197155997
uncorrelated,1.0,1000,4,নির্বাচন কমিশন,iterative,0.9,1.0,10,10,0.0,4.334158962592483,4.356892098439857
uncorrelated,1.0,1000,5,রাজনৈতিক দল,pre_filter,1.0,1.0,10,10,0.0,3077.490940981079,3191.5404998057056
uncorrelated,1.0,1000,5,রাজনৈতিক দল,post_filter,1.0,1.0,10,10,0.0,4.637965990696102,4.7345846076495945
uncorrelated,1.0,1000,5,রাজনৈতিক দল,over_fetch,1.0,1.0,10,100,0.0,4.737675015348941,5.0184308958705515
uncorrelated,1.0,1000,5,রাজনৈতিক দল,iterative,1.0,1.0,10,10,0.0,5.876344977878034,6.2228170747403055
uncorrelated,1.0,1000,6,সংসদ নির্বাচন,pre_filter,0.9,1.0,10,10,0.0,3128.731321019586,3192.1482163015753
uncorrelated,1.0,1000,6,সংসদ নির্বাচন,post_filter,0.9,1.0,10,10,0.0,4.4724419713020325,4.512270574923605
uncorrelated,1.0,1000,6,সংসদ নির্বাচন,over_fetch,0.9,1.0,10,100,0.0,4.705503990408033,4.70950718736276
uncorrelated,1.0,1000,6,সংসদ নির্বাচন,iterative,0.9,1.0,10,10,0.0,4.410083987750113,4.467333905631676
uncorrelated,1.0,1000,7,মন্ত্রিসভার সিদ্ধান্ত,pre_filter,1.0,1.0,10,10,0.0,3112.922730972059,3142.289821000304
uncorrelated,1.0,1000,7,মন্ত্রিসভার সিদ্ধান্ত,post_filter,1.0,1.0,10,10,0.0,4.796927038114518,5.046674277400598
uncorrelated,1.0,1000,7,মন্ত্রিসভার সিদ্ধান্ত,over_fetch,1.0,1.0,10,100,0.0,4.980305035132915,4.989926883717999
uncorrelated,1.0,1000,7,মন্ত্রিসভার সিদ্ধান্ত,iterative,1.0,1.0,10,10,0.0,4.529851023107767,4.554142878623679
uncorrelated,1.0,1000,8,কৃত্রিম বুদ্ধিমত্তা,pre_filter,0.9,1.0,10,10,0.0,3064.628214982804,3114.25636956119
uncorrelated,1.0,1000,8,কৃত্রিম বুদ্ধিমত্তা,post_filter,0.9,1.0,10,10,0.0,4.522376984823495,4.5268572168424726
uncorrelated,1.0,1000,8,কৃত্রিম বুদ্ধিমত্তা,over_fetch,0.9,1.0,10,100,0.0,4.7557890065945685,4.79194832732901
uncorrelated,1.0,1000,8,কৃত্রিম বুদ্ধিমত্তা,iterative,0.9,1.0,10,10,0.0,4.350100003648549,4.361605580197647
uncorrelated,1.0,1000,9,তথ্য প্রযুক্তি,pre_filter,0.9,1.0,10,10,0.0,3195.879596984014,3198.219259461621
uncorrelated,1.0,1000,9,তথ্য প্রযুক্তি,post_filter,0.9,1.0,10,10,0.0,4.41694597247988,4.670858493773267
uncorrelated,1.0,1000,9,তথ্য প্রযুক্তি,over_fetch,0.9,1.0,10,100,0.0,5.051508953329176,5.682301911292598
uncorrelated,1.0,1000,9,তথ্য প্রযুক্তি,iterative,0.9,1.0,10,10,0.0,4.6589060220867395,4.8750275280326605
uncorrelated,1.0,1000,10,মোবাইল ইন্টারনেট,pre_filter,1.0,1.0,10,10,0.0,3120.567199017387,3122.634254238801
uncorrelated,1.0,1000,10,মোবাইল ইন্টারনেট,post_filter,1.0,1.0,10,10,0.0,4.362492996733636,4.389779182383791
uncorrelated,1.0,1000,10,মোবাইল ইন্টারনেট,over_fetch,1.0,1.0,10,100,0.0,4.7354199923574924,4.808495519682765
uncorrelated,1.0,1000,10,মোবাইল ইন্টারনেট,iterative,1.0,1.0,10,10,0.0,4.4527650461532176,4.517651401693001
uncorrelated,1.0,1000,11,সাইবার নিরাপত্তা,pre_filter,0.9,1.0,10,10,0.0,3144.9776309891604,3162.999075319385
uncorrelated,1.0,1000,11,সাইবার নিরাপত্তা,post_filter,0.9,1.0,10,10,0.0,4.551221034489572,4.587389313383028
uncorrelated,1.0,1000,11,সাইবার নিরাপত্তা,over_fetch,0.9,1.0,10,100,0.0,4.797778965439647,4.8156332049984485
uncorrelated,1.0,1000,11,সাইবার নিরাপত্তা,iterative,0.9,1.0,10,10,0.0,4.562252026516944,4.74381169769913
uncorrelated,1.0,1000,12,বাংলাদেশ ক্রিকেট দল,pre_filter,1.0,1.0,10,10,0.0,3219.2643139860593,3224.678575422149
uncorrelated,1.0,1000,12,বাংলাদেশ ক্রিকেট দল,post_filter,1.0,1.0,10,10,0.0,4.512097977567464,4.648336383979768
uncorrelated,1.0,1000,12,বাংলাদেশ ক্রিকেট দল,over_fetch,1.0,1.0,10,100,0.0,4.923327011056244,4.957068886142224
uncorrelated,1.0,1000,12,বাংলাদেশ ক্রিকেট দল,iterative,1.0,1.0,10,10,0.0,4.434729984495789,4.490700090536848
uncorrelated,1.0,1000,13,ফুটবল ম্যাচ,pre_filter,1.0,1.0,10,10,0.0,3137.454463983886,3151.872413570527
uncorrelated,1.0,1000,13,ফুটবল ম্যাচ,post_filter,1.0,1.0,10,10,0.0,4.33215603698045,4.380162863526493
uncorrelated,1.0,1000,13,ফুটবল ম্যাচ,over_fetch,1.0,1.0,10,100,0.0,4.807877994608134,4.90799579420127
uncorrelated,1.0,1000,13,ফুটবল ম্যাচ,iterative,1.0,1.0,10,10,0.0,4.513940017204732,4.529928497504443
uncorrelated,1.0,1000,14,বিশ্বকাপ ক্রিকেট,pre_filter,1.0,1.0,10,10,0.0,3129.3400920112617,3148.5937857010867
uncorrelated,1.0,1000,14,বিশ্বকাপ ক্রিকেট,post_filter,1.0,1.0,10,10,0.0,4.420634009875357,4.444375121966004
uncorrelated,1.0,1000,14,বিশ্বকাপ ক্রিকেট,over_fetch,1.0,1.0,10,100,0.0,4.725922015495598,4.747852322179824
uncorrelated,1.0,1000,14,বিশ্বকাপ ক্রিকেট,iterative,1.0,1.0,10,10,0.0,4.460228024981916,4.474456986645237
uncorrelated,1.0,1000,15,খেলোয়াড় নির্বাচন,pre_filter,0.9,1.0,10,10,0.0,3130.496194004081,3136.9261908635963
uncorrelated,1.0,1000,15,খেলোয়াড় নির্বাচন,post_filter,0.9,1.0,10,10,0.0,4.9212430021725595,4.929998161969706
uncorrelated,1.0,1000,15,খেলোয়াড় নির্বাচন,over_fetch,0.9,1.0,10,100,0.0,4.830600984860212,5.2553964662365615
uncorrelated,1.0,1000,15,খেলোয়াড় নির্বাচন,iterative,0.9,1.0,10,10,0.0,4.484794975724071,4.740403103642166
uncorrelated,1.0,1000,16,শেয়ার বাজার,pre_filter,0.9,1.0,10,10,0.0,3146.2551089935005,3157.359950733371
uncorrelated,1.0,1000,16,শেয়ার বাজার,post_filter,0.9,1.0,10,10,0.0,5.648141028359532,5.838816805044189
uncorrelated,1.0,1000,16,শেয়ার বাজার,over_fetch,0.9,1.0,10,100,0.0,6.095740012824535,6.635405233828351
uncorrelated,1.0,1000,16,শেয়ার বাজার,iterative,0.9,1.0,10,10,0.0,5.229897971730679,5.236390593927354
uncorrelated,1.0,1000,17,ব্যাংক ঋণ,pre_filter,1.0,1.0,10,10,0.0,3153.725848009344,3349.7526357648894
uncorrelated,1.0,1000,17,ব্যাংক ঋণ,post_filter,1.0,1.0,10,10,0.0,5.398597975727171,5.40094249881804
uncorrelated,1.0,1000,17,ব্যাংক ঋণ,over_fetch,1.0,1.0,10,100,0.0,5.16324199270457,5.385495175141841
uncorrelated,1.0,1000,17,ব্যাংক ঋণ,iterative,1.0,1.0,10,10,0.0,4.716083989478648,4.754559911089018
uncorrelated,1.0,1000,18,অর্থনৈতিক প্রবৃদ্ধি,pre_filter,1.0,1.0,10,10,0.0,3284.7622870467603,3340.035835560411
uncorrelated,1.0,1000,18,অর্থনৈতিক প্রবৃদ্ধি,post_filter,1.0,1.0,10,10,0.0,5.693086015526205,6.155357509851456
uncorrelated,1.0,1000,18,অর্থনৈতিক প্রবৃদ্ধি,over_fetch,1.0,1.0,10,100,0.0,6.894726015161723,7.126915210392326
uncorrelated,1.0,1000,18,অর্থনৈতিক প্রবৃদ্ধি,iterative,1.0,1.0,10,10,0.0,6.181883974932134,6.398284493479878
uncorrelated,1.0,1000,19,বিনিয়োগ বাজার,pre_filter,1.0,1.0,10,10,0.0,3204.801189014688,3405.364551889943
uncorrelated,1.0,1000,19,বিনিয়োগ বাজার,post_filter,1.0,1.0,10,10,0.0,5.167068971786648,5.287942616268992
uncorrelated,1.0,1000,19,বিনিয়োগ বাজার,over_fetch,1.0,1.0,10,100,0.0,4.689132969360799,5.0489782355725765
uncorrelated,1.0,1000,19,বিনিয়োগ বাজার,iterative,1.0,1.0,10,10,0.0,4.362934036180377,4.410030954750255
uncorrelated,0.4993837051645507,500,0,বিশ্ববিদ্যালয় ভর্তি,pre_filter,1.0,1.0,10,10,-0.041051046575567705,1998.6551059992053,2016.3172415050212
uncorrelated,0.4993837051645507,500,0,বিশ্ববিদ্যালয় ভর্তি,post_filter,0.5,0.5,5,10,-0.041051046575567705,5.210761970374733,5.301573761971667
uncorrelated,0.4993837051645507,500,0,বিশ্ববিদ্যালয় ভর্তি,over_fetch,1.0,1.0,10,100,-0.041051046575567705,6.907569011673331,7.582860602997243
uncorrelated,0.4993837051645507,500,0,বিশ্ববিদ্যালয় ভর্তি,iterative,1.0,1.0,10,20,-0.041051046575567705,13.14997801091522,14.159649284556508
uncorrelated,0.4993837051645507,500,1,শিক্ষা নীতি পরিবর্তন,pre_filter,1.0,1.0,10,10,0.029742354266774806,2007.705392956268,2017.655140493298
uncorrelated,0.4993837051645507,500,1,শিক্ষা নীতি পরিবর্তন,post_filter,0.4,0.4,4,10,0.029742354266774806,4.470988002140075,4.515018663369119
uncorrelated,0.4993837051645507,500,1,শিক্ষা নীতি পরিবর্তন,over_fetch,1.0,1.0,10,100,0.029742354266774806,4.808229045011103,4.827029077569023
uncorrelated,0.4993837051645507,500,1,শিক্ষা নীতি পরিবর্তন,iterative,1.0,1.0,10,40,0.029742354266774806,13.658962969202548,13.673832779750228
uncorrelated,0.4993837051645507,500,2,স্কুল শিক্ষার্থী,pre_filter,1.0,1.0,10,10,-0.009484394290676173,1993.536226975266,2018.6626222799532
uncorrelated,0.4993837051645507,500,2,স্কুল শিক্ষার্থী,post_filter,0.8,0.8,8,10,-0.009484394290676173,4.447363957297057,4.467273806221783
uncorrelated,0.4993837051645507,500,2,স্কুল শিক্ষার্থী,over_fetch,1.0,1.0,10,100,-0.009484394290676173,4.7338579897768795,4.755263641709462
uncorrelated,0.4993837051645507,500,2,স্কুল শিক্ষার্থী,iterative,1.0,1.0,10,20,-0.009484394290676173,9.001561033073813,9.0425884060096
uncorrelated,0.4993837051645507,500,3,পরীক্ষার ফলাফল,pre_filter,1.0,1.0,10,10,0.04823430608493423,1976.6468839952722,1996.979129605461
uncorrelated,0.4993837051645507,500,3,পরীক্ষার ফলাফল,post_filter,1.0,1.0,10,10,0.04823430608493423,4.556921951007098,5.092456203419715
uncorrelated,0.4993837051645507,500,3,পরীক্ষার ফলাফল,over_fetch,1.0,1.0,10,100,0.04823430608493423,4.92248497903347,5.0640981760807335
uncorrelated,0.4993837051645507,500,3,পরীক্ষার ফলাফল,iterative,1.0,1.0,10,10,0.04823430608493423,4.576169012580067,4.90659138886258
uncorrelated,0.4993837051645507,500,4,নির্বাচন কমিশন,pre_filter,1.0,1.0,10,10,0.074687337273782,2011.9609989924356,2055.15335983946
uncorrelated,0.4993837051645507,500,4,নির্বাচন কমিশন,post_filter,0.7,0.7,7,10,0.074687337273782,4.487289988901466,4.603286465862766
uncorrelated,0.4993837051645507,500,4,নির্বাচন কমিশন,over_fetch,0.8,1.0,10,100,0.074687337273782,4.806114011444151,7.561082398751751
uncorrelated,0.4993837051645507,500,4,নির্বাচন কমিশন,iterative,0.8,1.0,10,20,0.074687337273782,10.889952012803406,10.92962670372799
uncorrelated,0.4993837051645507,500,5,রাজনৈতিক দল,pre_filter,1.0,1.0,10,10,-0.08634447697802376,2023.1732769752853,2052.5471682893112
uncorrelated,0.4993837051645507,500,5,রাজনৈতিক দল,post_filter,0.5,0.5,5,10,-0.08634447697802376,4.490515973884612,4.846150067169219
uncorrelated,0.4993837051645507,500,5,রাজনৈতিক দল,over_fetch,1.0,1.0,10,100,-0.08634447697802376,4.656289995182306,5.238849186571315
uncorrelated,0.4993837051645507,500,5,রাজনৈতিক দল,iterative,1.0,1.0,10,20,-0.08634447697802376,8.73627804685384,8.747188717825338
uncorrelated,0.4993837051645507,500,6,সংসদ নির্বাচন,pre_filter,1.0,1.0,10,10,0.010517600770777912,1980.0051790080033,2028.711630962789
uncorrelated,0.4993837051645507,500,6,সংসদ নির্বাচন,post_filter,0.5,0.5,5,10,0.010517600770777912,5.78929902985692,6.279143790015951
uncorrelated,0.4993837051645507,500,6,সংসদ নির্বাচন,over_fetch,0.9,1.0,10,100,0.010517600770777912,6.542537012137473,7.233211386483163
uncorrelated,0.4993837051645507,500,6,সংসদ নির্বাচন,iterative,0.9,1.0,10,20,0.010517600770777912,9.114845015574247,9.35624209814705
uncorrelated,0.4993837051645507,500,7,মন্ত্রিসভার সিদ্ধান্ত,pre_filter,0.9,1.0,10,10,0.029742354266774806,2038.7521639931947,2126.4208013075404
uncorrelated,0.4993837051645507,500,7,মন্ত্রিসভার সিদ্ধান্ত,post_filter,0.3,0.3,3,10,0.029742354266774806,4.808919038623571,5.781846930040047
uncorrelated,0.4993837051645507,500,7,মন্ত্রিসভার সিদ্ধান্ত,over_fetch,0.9,1.0,10,100,0.029742354266774806,5.032974004279822,5.376155680278316
uncorrelated,0.4993837051645507,500,7,মন্ত্রিসভার সিদ্ধান্ত,iterative,0.9,1.0,10,20,0.029742354266774806,9.364337951410562,9.696600888855755
uncorrelated,0.4993837051645507,500,8,কৃত্রিম বুদ্ধিমত্তা,pre_filter,1.0,1.0,10,10,0.04823430608493423,2107.4524740106426,2164.8260348651092
uncorrelated,0.4993837051645507,500,8,কৃত্রিম বুদ্ধিমত্তা,post_filter,0.4,0.4,4,10,0.04823430608493423,4.557203035801649,4.57760778372176
uncorrelated,0.4993837051645507,500,8,কৃত্রিম বুদ্ধিমত্তা,over_fetch,0.9,1.0,10,100,0.04823430608493423,4.975705989636481,5.038104805862531
uncorrelated,0.4993837051645507,500,8,কৃত্রিম বুদ্ধিমত্তা,iterative,0.9,1.0,10,40,0.04823430608493423,14.171193994116038,14.21180740580894
uncorrelated,0.4993837051645507,500,9,তথ্য প্রযুক্তি,pre_filter,0.9,1.0,10,10,0.029742354266774806,2153.423156007193,2219.1529765957966
uncorrelated,0.4993837051645507,500,9,তথ্য প্রযুক্তি,post_filter,0.5,0.5,5,10,0.029742354266774806,4.74634999409318,4.7467379190493375
uncorrelated,0.4993837051645507,500,9,তথ্য প্রযুক্তি,over_fetch,0.8,1.0,10,100,0.029742354266774806,5.070896004326642,5.134268588153645
uncorrelated,0.4993837051645507,500,9,তথ্য প্রযুক্তি,iterative,0.8,1.0,10,40,0.029742354266774806,15.385598002467304,15.440403495449573
uncorrelated,0.4993837051645507,500,10,মোবাইল ইন্টারনেট,pre_filter,1.0,1.0,10,10,0.05721845119944905,2132.3807790176943,2185.837528225966
uncorrelated,0.4993837051645507,500,10,মোবাইল ইন্টারনেট,post_filter,0.4,0.4,4,10,0.05721845119944905,4.569204989820719,4.727355681825429
uncorrelated,0.4993837051645507,500,10,মোবাইল ইন্টারনেট,over_fetch,1.0,1.0,10,100,0.05721845119944905,5.140958994161338,7.756720785982907
uncorrelated,0.4993837051645507,500,10,মোবাইল ইন্টারনেট,iterative,1.0,1.0,10,40,0.05721845119944905,13.837430975399911,16.204826079774648
uncorrelated,0.4993837051645507,500,11,সাইবার নিরাপত্তা,pre_filter,1.0,1.0,10,10,-0.05201659233870178,2073.0388480005786,2105.7206479192246
uncorrelated,0.4993837051645507,500,11,সাইবার নিরাপত্তা,post_filter,0.4,0.4,4,10,-0.05201659233870178,5.1153109525330365,6.5773519687354565
uncorrelated,0.4993837051645507,500,11,সাইবার নিরাপত্তা,over_fetch,0.9,1.0,10,100,-0.05201659233870178,5.036802031099796,5.159768112935126
uncorrelated,0.4993837051645507,500,11,সাইবার নিরাপত্তা,iterative,0.9,1.0,10,40,-0.05201659233870178,16.599439026322216,16.799005906796083
uncorrelated,0.4993837051645507,500,12,বাংলাদেশ ক্রিকেট দল,pre_filter,1.0,1.0,10,10,0.010517600770777912,2071.9129090430215,2081.919840699993
uncorrelated,0.4993837051645507,500,12,বাংলাদেশ ক্রিকেট দল,post_filter,0.6,0.6,6,10,0.010517600770777912,6.259319954551756,6.3396269688382745
uncorrelated,0.4993837051645507,500,12,বাংলাদেশ ক্রিকেট দল,over_fetch,1.0,1.0,10,100,0.010517600770777912,6.223752978257835,6.357079930603504
uncorrelated,0.4993837051645507,500,12,বাংলাদেশ ক্রিকেট দল,iterative,1.0,1.0,10,20,0.010517600770777912,8.893685997463763,10.27988488203846
uncorrelated,0.4993837051645507,500,13,ফুটবল ম্যাচ,pre_filter,1.0,1.0,10,10,0.010517600770777912,2090.484020009171,2115.5478634755127
uncorrelated,0.4993837051645507,500,13,ফুটবল ম্যাচ,post_filter,0.5,0.5,5,10,0.010517600770777912,5.2190080168657005,5.33771708724089
uncorrelated,0.4993837051645507,500,13,ফুটবল ম্যাচ,over_fetch,0.9,1.0,10,100,0.010517600770777912,6.431676971260458,6.528015685034916
uncorrelated,0.4993837051645507,500,13,ফুটবল ম্যাচ,iterative,0.9,1.0,10,20,0.010517600770777912,10.987677029334009,11.03686559945345
uncorrelated,0.4993837051645507,500,14,বিশ্বকাপ ক্রিকেট,pre_filter,0.9,1.0,10,10,-0.01979173745931786,2129.8862799885683,2133.472632430494
uncorrelated,0.4993837051645507,500,14,বিশ্বকাপ ক্রিকেট,post_filter,0.5,0.5,5,10,-0.01979173745931786,5.024548037908971,5.335494433529675
uncorrelated,0.4993837051645507,500,14,বিশ্বকাপ ক্রিকেট,over_fetch,0.9,1.0,10,100,-0.01979173745931786,5.503366992343217,5.57181560434401
uncorrelated,0.4993837051645507,500,14,বিশ্বকাপ ক্রিকেট,iterative,0.9,1.0,10,40,-0.01979173745931786,14.449141977820545,15.070789074525237
uncorrelated,0.4993837051645507,500,15,খেলোয়াড় নির্বাচন,pre_filter,0.9,1.0,10,10,-0.03031173828072851,2095.0127500109375,2139.3554512120318
uncorrelated,0.4993837051645507,500,15,খেলোয়াড় নির্বাচন,post_filter,0.5,0.5,5,10,-0.03031173828072851,6.190420011989772,8.127544942544773
uncorrelated,0.4993837051645507,500,15,খেলোয়াড় নির্বাচন,over_fetch,0.9,1.0,10,100,-0.03031173828072851,6.401889957487583,6.650230608647689
uncorrelated,0.4993837051645507,500,15,খেলোয়াড় নির্বাচন,iterative,0.9,1.0,10,40,-0.03031173828072851,17.700167023576796,18.264024198288098
uncorrelated,0.4993837051645507,500,16,শেয়ার বাজার,pre_filter,1.0,1.0,10,10,0.020224273481123937,2134.989398997277,2135.0086598773487
uncorrelated,0.4993837051645507,500,16,শেয়ার বাজার,post_filter,0.4,0.4,4,10,0.020224273481123937,5.724587012082338,7.632397074485198
uncorrelated,0.4993837051645507,500,16,শেয়ার বাজার,over_fetch,0.9,1.0,10,100,0.020224273481123937,4.125203005969524,4.254147846950218
uncorrelated,0.4993837051645507,500,16,শেয়ার বাজার,iterative,0.9,1.0,10,20,0.020224273481123937,7.082942989654839,7.248685171362013
uncorrelated,0.4993837051645507,500,17,ব্যাংক ঋণ,pre_filter,1.0,1.0,10,10,0.074687337273782,2047.0259709982201,2113.0580494063906
uncorrelated,0.4993837051645507,500,17,ব্যাংক ঋণ,post_filter,0.6,0.6,6,10,0.074687337273782,5.129596975166351,5.7489545026328415
uncorrelated,0.4993837051645507,500,17,ব্যাংক ঋণ,over_fetch,1.0,1.0,10,100,0.074687337273782,5.390283011365682,6.120758119504899
uncorrelated,0.4993837051645507,500,17,ব্যাংক ঋণ,iterative,1.0,1.0,10,20,0.074687337273782,11.241508007515222,11.379028897499666
uncorrelated,0.4993837051645507,500,18,অর্থনৈতিক প্রবৃদ্ধি,pre_filter,1.0,1.0,10,10,0.0006166748889985335,2031.8724910030141,2086.701579147484
uncorrelated,0.4993837051645507,500,18,অর্থনৈতিক প্রবৃদ্ধি,post_filter,0.6,0.6,6,10,0.0006166748889985335,5.487066053319722,6.405745533993468
uncorrelated,0.4993837051645507,500,18,অর্থনৈতিক প্রবৃদ্ধি,over_fetch,1.0,1.0,10,100,0.0006166748889985335,4.842843976803124,5.128776730271056
uncorrelated,0.4993837051645507,500,18,অর্থনৈতিক প্রবৃদ্ধি,iterative,1.0,1.0,10,20,0.0006166748889985335,9.197973005939275,9.355501813115552
uncorrelated,0.4993837051645507,500,19,বিনিয়োগ বাজার,pre_filter,1.0,1.0,10,10,-0.01979173745931786,1974.0277910022996,2019.4491593225393
uncorrelated,0.4993837051645507,500,19,বিনিয়োগ বাজার,post_filter,0.5,0.5,5,10,-0.01979173745931786,4.208820988424122,4.7377464768942446
uncorrelated,0.4993837051645507,500,19,বিনিয়োগ বাজার,over_fetch,1.0,1.0,10,100,-0.01979173745931786,4.578812979161739,4.786693240748718
uncorrelated,0.4993837051645507,500,19,বিনিয়োগ বাজার,iterative,1.0,1.0,10,20,-0.01979173745931786,9.77359403623268,10.555304260924459
uncorrelated,0.2002136488762891,200,0,বিশ্ববিদ্যালয় ভর্তি,pre_filter,1.0,1.0,10,10,-0.11163832631478096,967.7114990190603,976.5934864932206
uncorrelated,0.2002136488762891,200,0,বিশ্ববিদ্যালয় ভর্তি,post_filter,0.3,0.3,3,10,-0.11163832631478096,4.5228469534777105,4.815930203767493
uncorrelated,0.2002136488762891,200,0,বিশ্ববিদ্যালয় ভর্তি,over_fetch,1.0,1.0,10,100,-0.11163832631478096,4.64117102092132,4.936210764572024
uncorrelated,0.2002136488762891,200,0,বিশ্ববিদ্যালয় ভর্তি,iterative,1.0,1.0,10,80,-0.11163832631478096,18.02576403133571,18.612155376467854
uncorrelated,0.2002136488762891,200,1,শিক্ষা নীতি পরিবর্তন,pre_filter,1.0,1.0,10,10,-0.026174504417520155,974.6182060334831,982.6496557041537
uncorrelated,0.2002136488762891,200,1,শিক্ষা নীতি পরিবর্তন,post_filter,0.0,0.0,0,10,-0.026174504417520155,4.3370340135879815,4.917880467837676
uncorrelated,0.2002136488762891,200,1,শিক্ষা নীতি পরিবর্তন,over_fetch,1.0,1.0,10,100,-0.026174504417520155,4.622726992238313,4.96815328951925
uncorrelated,0.2002136488762891,200,1,শিক্ষা নীতি পরিবর্তন,iterative,1.0,1.0,10,80,-0.026174504417520155,18.44000001437962,18.741747533204034
uncorrelated,0.2002136488762891,200,2,স্কুল শিক্ষার্থী,pre_filter,1.0,1.0,10,10,-0.1769877518881801,1018.5519619844854,1035.5252807028592
uncorrelated,0.2002136488762891,200,2,স্কুল শিক্ষার্থী,post_filter,0.1,0.1,1,10,-0.1769877518881801,4.504851996898651,5.099999497178942
uncorrelated,0.2002136488762891,200,2,স্কুল শিক্ষার্থী,over_fetch,0.9,1.0,10,100,-0.1769877518881801,4.806805984117091,5.136813456192613
uncorrelated,0.2002136488762891,200,2,স্কুল শিক্ষার্থী,iterative,0.9,1.0,10,80,-0.1769877518881801,19.8652419494465,20.051869633607566
uncorrelated,0.2002136488762891,200,3,পরীক্ষার ফলাফল,pre_filter,1.0,1.0,10,10,0.0692361834672432,995.4140220070258,1082.0568816445302
uncorrelated,0.2002136488762891,200,3,পরীক্ষার ফলাফল,post_filter,0.3,0.3,3,10,0.0692361834672432,4.508200043346733,5.023770435946062
uncorrelated,0.2002136488762891,200,3,পরীক্ষার ফলাফল,over_fetch,1.0,1.0,10,100,0.0692361834672432,4.936811979860067,5.070914677344263
uncorrelated,0.2002136488762891,200,3,পরীক্ষার ফলাফল,iterative,1.0,1.0,10,40,0.0692361834672432,15.809420961886644,15.950448263902217
uncorrelated,0.2002136488762891,200,4,নির্বাচন কমিশন,pre_filter,1.0,1.0,10,10,0.04708640753726689,972.7918300195597,1061.7644296376966
uncorrelated,0.2002136488762891,200,4,নির্বাচন কমিশন,post_filter,0.0,0.0,0,10,0.04708640753726689,4.407368018291891,4.988529474940151
uncorrelated,0.2002136488762891,200,4,নির্বাচন কমিশন,over_fetch,0.9,1.0,10,100,0.04708640753726689,4.588130977936089,5.089436419075355
uncorrelated,0.2002136488762891,200,4,নির্বাচন কমিশন,iterative,0.9,1.0,10,80,0.04708640753726689,18.736100988462567,18.936560698784888
uncorrelated,0.2002136488762891,200,5,রাজনৈতিক দল,pre_filter,1.0,1.0,10,10,-0.08161138566337756,969.6074110106565,1050.2463247219566
uncorrelated,0.2002136488762891,200,5,রাজনৈতিক দল,post_filter,0.3,0.3,3,10,-0.08161138566337756,4.665496991947293,4.928417596966028
uncorrelated,0.2002136488762891,200,5,রাজনৈতিক দল,over_fetch,1.0,1.0,10,100,-0.08161138566337756,4.679113044403493,5.0131246040109545
uncorrelated,0.2002136488762891,200,5,রাজনৈতিক দল,iterative,1.0,1.0,10,80,-0.08161138566337756,17.969116976018995,18.318077607546
uncorrelated,0.2002136488762891,200,6,সংসদ নির্বাচন,pre_filter,1.0,1.0,10,10,0.09037964003449568,1011.3914880203083,1074.3184467079118
uncorrelated,0.2002136488762891,200,6,সংসদ নির্বাচন,post_filter,0.1,0.1,1,10,0.09037964003449568,5.418426007963717,6.1880628345534205
uncorrelated,0.2002136488762891,200,6,সংসদ নির্বাচন,over_fetch,1.0,1.0,10,100,0.09037964003449568,5.106713972054422,5.2228724816814065
uncorrelated,0.2002136488762891,200,6,সংসদ নির্বাচন,iterative,1.0,1.0,10,80,0.09037964003449568,26.824428990948945,29.021130094770342
uncorrelated,0.2002136488762891,200,7,মন্ত্রিসভার সিদ্ধান্ত,pre_filter,1.0,1.0,10,10,-0.08161138566337756,946.4506650110707,958.4505044738762
uncorrelated,0.2002136488762891,200,7,মন্ত্রিসভার সিদ্ধান্ত,post_filter,0.0,0.0,0,10,-0.08161138566337756,5.867036001291126,7.930140203097835
uncorrelated,0.2002136488762891,200,7,মন্ত্রিসভার সিদ্ধান্ত,over_fetch,0.8,1.0,10,100,-0.08161138566337756,5.787846050225198,6.041586585342884
uncorrelated,0.2002136488762891,200,7,মন্ত্রিসভার সিদ্ধান্ত,iterative,0.8,1.0,10,80,-0.08161138566337756,21.751398977357894,21.765375119866803
uncorrelated,0.2002136488762891,200,8,কৃত্রিম বুদ্ধিমত্তা,pre_filter,1.0,1.0,10,10,0.11058383335995069,998.0310300015844,1059.683556301752
uncorrelated,0.2002136488762891,200,8,কৃত্রিম বুদ্ধিমত্তা,post_filter,0.1,0.1,1,10,0.11058383335995069,4.259326960891485,4.822851216886193
uncorrelated,0.2002136488762891,200,8,কৃত্রিম বুদ্ধিমত্তা,over_fetch,0.8,1.0,10,100,0.11058383335995069,4.830950987525284,5.020193092059344
uncorrelated,0.2002136488762891,200,8,কৃত্রিম বুদ্ধিমত্তা,iterative,0.8,1.0,10,80,0.11058383335995069,17.961681995075196,20.39529822068289
uncorrelated,0.2002136488762891,200,9,তথ্য প্রযুক্তি,pre_filter,1.0,1.0,10,10,0.04708640753726689,996.2362750084139,1018.5866994957905
uncorrelated,0.2002136488762891,200,9,তথ্য প্রযুক্তি,post_filter,0.3,0.3,3,10,0.04708640753726689,4.661059996578842,4.895747627597302
uncorrelated,0.2002136488762891,200,9,তথ্য প্রযুক্তি,over_fetch,0.8,1.0,10,100,0.04708640753726689,4.553664999548346,4.830526595469564
uncorrelated,0.2002136488762891,200,9,তথ্য প্রযুক্তি,iterative,0.8,1.0,10,80,0.04708640753726689,17.61236001038924,18.224323127651587
uncorrelated,0.2002136488762891,200,10,মোবাইল ইন্টারনেট,pre_filter,1.0,1.0,10,10,-0.0005338370565046054,977.3351110052317,1011.3607486127876
uncorrelated,0.2002136488762891,200,10,মোবাইল ইন্টারনেট,post_filter,0.2,0.2,2,10,-0.0005338370565046054,5.211061972659081,6.847864098381251
uncorrelated,0.2002136488762891,200,10,মোবাইল ইন্টারনেট,over_fetch,1.0,1.0,10,100,-0.0005338370565046054,5.900489981286228,6.174230418400839
uncorrelated,0.2002136488762891,200,10,মোবাইল ইন্টারনেট,iterative,1.0,1.0,10,40,-0.0005338370565046054,15.889753005467355,16.767018131213263
uncorrelated,0.2002136488762891,200,11,সাইবার নিরাপত্তা,pre_filter,1.0,1.0,10,10,0.02385671747032052,975.0047610141337,1001.8701272958424
uncorrelated,0.2002136488762891,200,11,সাইবার নিরাপত্তা,post_filter,0.1,0.1,1,10,0.02385671747032052,4.218760994262993,5.018991505494341
uncorrelated,0.2002136488762891,200,11,সাইবার নিরাপত্তা,over_fetch,0.9,1.0,10,100,0.02385671747032052,4.519560025073588,4.957512632245198
uncorrelated,0.2002136488762891,200,11,সাইবার নিরাপত্তা,iterative,0.9,1.0,10,80,0.02385671747032052,17.915625008754432,18.023045384325087
uncorrelated,0.2002136488762891,200,12,বাংলাদেশ ক্রিকেট দল,pre_filter,1.0,1.0,10,10,0.09037964003449568,966.687026026193,971.6524816525634
uncorrelated,0.2002136488762891,200,12,বাংলাদেশ ক্রিকেট দল,post_filter,0.2,0.2,2,10,0.09037964003449568,5.296254006680101,6.6409467021003366
uncorrelated,0.2002136488762891,200,12,বাংলাদেশ ক্রিকেট দল,over_fetch,1.0,1.0,10,100,0.09037964003449568,5.8973029954358935,6.598130316706374
uncorrelated,0.2002136488762891,200,12,বাংলাদেশ ক্রিকেট দল,iterative,1.0,1.0,10,80,0.09037964003449568,21.77642600145191,22.364891867619008
uncorrelated,0.2002136488762891,200,13,ফুটবল ম্যাচ,pre_filter,1.0,1.0,10,10,-0.05316392227377941,959.4537980156019,976.6010317951441
uncorrelated,0.2002136488762891,200,13,ফুটবল ম্যাচ,post_filter,0.3,0.3,3,10,-0.05316392227377941,4.325192014221102,6.9305390294175595
uncorrelated,0.2002136488762891,200,13,ফুটবল ম্যাচ,over_fetch,0.9,1.0,10,100,-0.05316392227377941,4.681176971644163,4.933250817703083
uncorrelated,0.2002136488762891,200,13,ফুটবল ম্যাচ,iterative,0.9,1.0,10,40,-0.05316392227377941,13.31458002096042,13.45825872849673
uncorrelated,0.2002136488762891,200,14,বিশ্বকাপ ক্রিকেট,pre_filter,1.0,1.0,10,10,0.04708640753726689,1001.5082290046848,1006.6934224043507
uncorrelated,0.2002136488762891,200,14,বিশ্বকাপ ক্রিকেট,post_filter,0.3,0.3,3,10,0.04708640753726689,5.03414700506255,5.281439970713109
uncorrelated,0.2002136488762891,200,14,বিশ্বকাপ ক্রিকেট,over_fetch,1.0,1.0,10,100,0.04708640753726689,5.148682976141572,5.286960804369301
uncorrelated,0.2002136488762891,200,14,বিশ্বকাপ ক্রিকেট,iterative,1.0,1.0,10,40,0.04708640753726689,14.015117951203138,14.409291878109798
uncorrelated,0.2002136488762891,200,15,খেলোয়াড় নির্বাচন,pre_filter,1.0,1.0,10,10,-0.0005338370565046054,990.41461100569,1007.0688698033337
uncorrelated,0.2002136488762891,200,15,খেলোয়াড় নির্বাচন,post_filter,0.1,0.1,1,10,-0.0005338370565046054,4.2972799856215715,4.919828922720626
uncorrelated,0.2002136488762891,200,15,খেলোয়াড় নির্বাচন,over_fetch,1.0,1.0,10,100,-0.0005338370565046054,6.835332955233753,7.15494278119877
uncorrelated,0.2002136488762891,200,15,খেলোয়াড় নির্বাচন,iterative,1.0,1.0,10,80,-0.0005338370565046054,23.27221300220117,24.22194790560752
uncorrelated,0.2002136488762891,200,16,শেয়ার বাজার,pre_filter,1.0,1.0,10,10,-0.0005338370565046054,1039.7614800021984,1041.8871629692148
uncorrelated,0.2002136488762891,200,16,শেয়ার বাজার,post_filter,0.2,0.2,2,10,-0.0005338370565046054,4.98810998396948,5.136503773974255
uncorrelated,0.2002136488762891,200,16,শেয়ার বাজার,over_fetch,0.9,1.0,10,100,-0.0005338370565046054,4.730429966002703,5.069023492978886
uncorrelated,0.2002136488762891,200,16,শেয়ার বাজার,iterative,0.9,1.0,10,40,-0.0005338370565046054,13.561868981923908,13.810370670398697
uncorrelated,0.2002136488762891,200,17,ব্যাংক ঋণ,pre_filter,1.0,1.0,10,10,0.09037964003449568,1013.3989059831947,1014.1433220822364
uncorrelated,0.2002136488762891,200,17,ব্যাংক ঋণ,post_filter,0.1,0.1,1,10,0.09037964003449568,4.636341996956617,5.3442298143636435
uncorrelated,0.2002136488762891,200,17,ব্যাংক ঋণ,over_fetch,1.0,1.0,10,100,0.09037964003449568,4.903178021777421,5.262149317422882
uncorrelated,0.2002136488762891,200,17,ব্যাংক ঋণ,iterative,1.0,1.0,10,80,0.09037964003449568,19.187798025086522,19.658182992134243
uncorrelated,0.2002136488762891,200,18,অর্থনৈতিক প্রবৃদ্ধি,pre_filter,1.0,1.0,10,10,-0.026174504417520155,988.2666049525142,1084.1332000680268
uncorrelated,0.2002136488762891,200,18,অর্থনৈতিক প্রবৃদ্ধি,post_filter,0.2,0.2,2,10,-0.026174504417520155,5.703636037651449,6.3961761188693345
uncorrelated,0.2002136488762891,200,18,অর্থনৈতিক প্রবৃদ্ধি,over_fetch,1.0,1.0,10,100,-0.026174504417520155,6.340964988339692,6.631892675068229
uncorrelated,0.2002136488762891,200,18,অর্থনৈতিক প্রবৃদ্ধি,iterative,1.0,1.0,10,40,-0.026174504417520155,17.82967202598229,18.170942104188725
uncorrelated,0.2002136488762891,200,19,বিনিয়োগ বাজার,pre_filter,1.0,1.0,10,10,-0.11163832631478096,1021.3052079780027,1061.9599476922303
uncorrelated,0.2002136488762891,200,19,বিনিয়োগ বাজার,post_filter,0.1,0.1,1,10,-0.11163832631478096,5.305791972205043,5.975779861910269
uncorrelated,0.2002136488762891,200,19,বিনিয়োগ বাজার,over_fetch,1.0,1.0,10,100,-0.11163832631478096,5.602794990409166,6.045715603977442
uncorrelated,0.2002136488762891,200,19,বিনিয়োগ বাজার,iterative,1.0,1.0,10,80,-0.11163832631478096,20.924540993291885,21.021266689058393
uncorrelated,0.09938781379678704,100,0,বিশ্ববিদ্যালয় ভর্তি,pre_filter,1.0,1.0,10,10,0.003070329081580104,589.0513409976847,592.3697885882575
uncorrelated,0.09938781379678704,100,0,বিশ্ববিদ্যালয় ভর্তি,post_filter,0.2,0.2,2,10,0.003070329081580104,4.871678014751524,5.376987491035834
uncorrelated,0.09938781379678704,100,0,বিশ্ববিদ্যালয় ভর্তি,over_fetch,1.0,1.0,10,100,0.003070329081580104,5.742890993133187,6.056919886032119
uncorrelated,0.09938781379678704,100,0,বিশ্ববিদ্যালয় ভর্তি,iterative,1.0,1.0,10,160,0.003070329081580104,28.983413008973002,29.814050917048007
uncorrelated,0.09938781379678704,100,1,শিক্ষা নীতি পরিবর্তন,pre_filter,1.0,1.0,10,10,0.09395319569712039,607.4458240182139,622.216202825075
uncorrelated,0.09938781379678704,100,1,শিক্ষা নীতি পরিবর্তন,post_filter,0.0,0.0,0,10,0.09395319569712039,4.6408509952016175,5.237945192493498
uncorrelated,0.09938781379678704,100,1,শিক্ষা নীতি পরিবর্তন,over_fetch,1.0,1.0,10,100,0.09395319569712039,4.961409023962915,5.287178448634222
uncorrelated,0.09938781379678704,100,1,শিক্ষা নীতি পরিবর্তন,iterative,1.0,1.0,10,80,0.09395319569712039,24.07826198032126,24.904912878992036
uncorrelated,0.09938781379678704,100,2,স্কুল শিক্ষার্থী,pre_filter,1.0,1.0,10,10,-0.24711935535426136,575.8812860003673,603.1251814914867
uncorrelated,0.09938781379678704,100,2,স্কুল শিক্ষার্থী,post_filter,0.1,0.1,1,10,-0.24711935535426136,4.990384040866047,5.572473426582292
uncorrelated,0.09938781379678704,100,2,স্কুল শিক্ষার্থী,over_fetch,0.6,0.6,6,100,-0.24711935535426136,5.314768990501761,5.687085533281788
uncorrelated,0.09938781379678704,100,2,স্কুল শিক্ষার্থী,iterative,1.0,1.0,10,160,-0.24711935535426136,28.054793016053736,31.147775321733207
uncorrelated,0.09938781379678704,100,3,পরীক্ষার ফলাফল,pre_filter,1.0,1.0,10,10,0.050681966685569346,583.518989966251,584.5606716233306
uncorrelated,0.09938781379678704,100,3,পরীক্ষার ফলাফল,post_filter,0.1,0.1,1,10,0.050681966685569346,6.309564982075244,6.44461446790956
uncorrelated,0.09938781379678704,100,3,পরীক্ষার ফলাফল,over_fetch,1.0,1.0,10,100,0.050681966685569346,5.884419020731002,6.180847488576546
uncorrelated,0.09938781379678704,100,3,পরীক্ষার ফলাফল,iterative,1.0,1.0,10,160,0.050681966685569346,30.327692977152765,33.652017591521144
uncorrelated,0.09938781379678704,100,4,নির্বাচন কমিশন,pre_filter,1.0,1.0,10,10,0.13345166727266547,571.7843070160598,592.9483865795191
uncorrelated,0.09938781379678704,100,4,নির্বাচন কমিশন,post_filter,0.0,0.0,0,10,0.13345166727266547,5.221080966293812,7.0668631116859615
uncorrelated,0.09938781379678704,100,4,নির্বাচন কমিশন,over_fetch,0.7,1.0,10,100,0.13345166727266547,5.457257968373597,5.880863690981641
uncorrelated,0.09938781379678704,100,4,নির্বাচন কমিশন,iterative,0.9,1.0,10,160,0.13345166727266547,26.220544008538127,27.89327049977146
uncorrelated,0.09938781379678704,100,5,রাজনৈতিক দল,pre_filter,1.0,1.0,10,10,0.050681966685569346,584.0743019944057,606.0122474737
uncorrelated,0.09938781379678704,100,5,রাজনৈতিক দল,post_filter,0.0,0.0,0,10,0.050681966685569346,5.26932196225971,5.321270012063906
uncorrelated,0.09938781379678704,100,5,রাজনৈতিক দল,over_fetch,0.9,1.0,10,100,0.050681966685569346,6.73511199420318,6.831856601638719
uncorrelated,0.09938781379678704,100,5,রাজনৈতিক দল,iterative,1.0,1.0,10,160,0.050681966685569346,31.569687998853624,31.805340386927128
uncorrelated,0.09938781379678704,100,6,সংসদ নির্বাচন,pre_filter,1.0,1.0,10,10,0.13345166727266547,582.2752499952912,611.5688405814581
uncorrelated,0.09938781379678704,100,6,সংসদ নির্বাচন,post_filter,0.1,0.1,1,10,0.13345166727266547,4.724810016341507,5.7602888031397015
uncorrelated,0.09938781379678704,100,6,সংসদ নির্বাচন,over_fetch,1.0,1.0,10,100,0.13345166727266547,5.851998052094132,6.125522393267602
uncorrelated,0.09938781379678704,100,6,সংসদ নির্বাচন,iterative,1.0,1.0,10,80,0.13345166727266547,20.126558025367558,20.32385236234404
uncorrelated,0.09938781379678704,100,7,মন্ত্রিসভার সিদ্ধান্ত,pre_filter,1.0,1.0,10,10,0.050681966685569346,572.3412809893489,579.1467300092336
uncorrelated,0.09938781379678704,100,7,মন্ত্রিসভার সিদ্ধান্ত,post_filter,0.0,0.0,0,10,0.050681966685569346,5.484420980792493,5.907701799878851
uncorrelated,0.09938781379678704,100,7,মন্ত্রিসভার সিদ্ধান্ত,over_fetch,0.7,1.0,10,100,0.050681966685569346,5.915817979257554,6.17709793150425
uncorrelated,0.09938781379678704,100,7,মন্ত্রিসভার সিদ্ধান্ত,iterative,0.7,1.0,10,160,0.050681966685569346,28.875839023385197,30.712920805672184
uncorrelated,0.09938781379678704,100,8,কৃত্রিম বুদ্ধিমত্তা,pre_filter,1.0,1.0,10,10,0.13345166727266547,568.5906289727427,572.2600298351608
uncorrelated,0.09938781379678704,100,8,কৃত্রিম বুদ্ধিমত্তা,post_filter,0.0,0.0,0,10,0.13345166727266547,4.67279099393636,5.223807931179181
uncorrelated,0.09938781379678704,100,8,কৃত্রিম বুদ্ধিমত্তা,over_fetch,0.7,1.0,10,100,0.13345166727266547,5.280323966871947,5.474208283703774
uncorrelated,0.09938781379678704,100,8,কৃত্রিম বুদ্ধিমত্তা,iterative,0.7,1.0,10,80,0.13345166727266547,20.90518397744745,23.688528512138873
uncorrelated,0.09938781379678704,100,9,তথ্য প্রযুক্তি,pre_filter,1.0,1.0,10,10,0.13345166727266547,582.3974820086733,585.5913921201136
uncorrelated,0.09938781379678704,100,9,তথ্য প্রযুক্তি,post_filter,0.2,0.2,2,10,0.13345166727266547,5.039626033976674,5.054008855950087
uncorrelated,0.09938781379678704,100,9,তথ্য প্রযুক্তি,over_fetch,0.9,1.0,10,100,0.13345166727266547,5.080283968709409,6.591045582899824
uncorrelated,0.09938781379678704,100,9,তথ্য প্রযুক্তি,iterative,0.9,1.0,10,80,0.13345166727266547,20.438980020117015,25.310584576800466
uncorrelated,0.09938781379678704,100,10,মোবাইল ইন্টারনেট,pre_filter,1.0,1.0,10,10,0.09395319569712039,579.182002984453,599.5909637014847
uncorrelated,0.09938781379678704,100,10,মোবাইল ইন্টারনেট,post_filter,0.2,0.2,2,10,0.09395319569712039,4.539908957667649,5.89418756426312
uncorrelated,0.09938781379678704,100,10,মোবাইল ইন্টারনেট,over_fetch,1.0,1.0,10,100,0.09395319569712039,4.777149006258696,5.137255159206688
uncorrelated,0.09938781379678704,100,10,মোবাইল ইন্টারনেট,iterative,1.0,1.0,10,160,0.09395319569712039,30.62458598287776,34.75799706066027
uncorrelated,0.09938781379678704,100,11,সাইবার নিরাপত্তা,pre_filter,1.0,1.0,10,10,-0.04956926007319651,560.4112870059907,568.293972092215
uncorrelated,0.09938781379678704,100,11,সাইবার নিরাপত্তা,post_filter,0.1,0.1,1,10,-0.04956926007319651,6.163368001580238,8.427561918506399
uncorrelated,0.09938781379678704,100,11,সাইবার নিরাপত্তা,over_fetch,0.9,0.9,9,100,-0.04956926007319651,6.444189988542348,6.6120435716584325
uncorrelated,0.09938781379678704,100,11,সাইবার নিরাপত্তা,iterative,1.0,1.0,10,160,-0.04956926007319651,27.104979963041842,28.97978979162872
uncorrelated,0.09938781379678704,100,12,বাংলাদেশ ক্রিকেট দল,pre_filter,1.0,1.0,10,10,0.13345166727266547,558.8490950176492,583.7194097170141
uncorrelated,0.09938781379678704,100,12,বাংলাদেশ ক্রিকেট দল,post_filter,0.1,0.1,1,10,0.13345166727266547,4.342725034803152,4.743318608961999
uncorrelated,0.09938781379678704,100,12,বাংলাদেশ ক্রিকেট দল,over_fetch,1.0,1.0,10,100,0.13345166727266547,4.634389013517648,4.837859189137816
uncorrelated,0.09938781379678704,100,12,বাংলাদেশ ক্রিকেট দল,iterative,1.0,1.0,10,160,0.13345166727266547,22.995347040705383,24.39534196164459
uncorrelated,0.09938781379678704,100,13,ফুটবল ম্যাচ,pre_filter,1.0,1.0,10,10,-0.24711935535426136,571.368255012203,591.161465406185
uncorrelated,0.09938781379678704,100,13,ফুটবল ম্যাচ,post_filter,0.1,0.1,1,10,-0.24711935535426136,6.4427179750055075,7.01870271586813
uncorrelated,0.09938781379678704,100,13,ফুটবল ম্যাচ,over_fetch,0.6,0.6,6,100,-0.24711935535426136,6.715055031236261,6.844602792989463
uncorrelated,0.09938781379678704,100,13,ফুটবল ম্যাচ,iterative,1.0,1.0,10,160,-0.24711935535426136,23.286940006073564,24.593139701755717
uncorrelated,0.09938781379678704,100,14,বিশ্বকাপ ক্রিকেট,pre_filter,1.0,1.0,10,10,-0.10807765246946943,578.4869940252975,608.6364611634053
uncorrelated,0.09938781379678704,100,14,বিশ্বকাপ ক্রিকেট,post_filter,0.0,0.0,0,10,-0.10807765246946943,4.75461600581184,6.30875852657482
uncorrelated,0.09938781379678704,100,14,বিশ্বকাপ ক্রিকেট,over_fetch,0.8,0.8,8,100,-0.10807765246946943,4.810291982721537,5.494094872847199
uncorrelated,0.09938781379678704,100,14,বিশ্বকাপ ক্রিকেট,iterative,0.8,1.0,10,160,-0.10807765246946943,23.967129993252456,24.331177317071706
uncorrelated,0.09938781379678704,100,15,খেলোয়াড় নির্বাচন,pre_filter,1.0,1.0,10,10,0.003070329081580104,571.0800180095248,622.1211842901539
uncorrelated,0.09938781379678704,100,15,খেলোয়াড় নির্বাচন,post_filter,0.1,0.1,1,10,0.003070329081580104,4.903808992821723,5.25082292733714
uncorrelated,0.09938781379678704,100,15,খেলোয়াড় নির্বাচন,over_fetch,1.0,1.0,10,100,0.003070329081580104,4.885353962890804,5.319582385709509
uncorrelated,0.09938781379678704,100,15,খেলোয়াড় নির্বাচন,iterative,1.0,1.0,10,160,0.003070329081580104,25.146256026346236,27.902026299852878
uncorrelated,0.09938781379678704,100,16,শেয়ার বাজার,pre_filter,1.0,1.0,10,10,0.050681966685569346,605.8868039981462,624.3950691074133
uncorrelated,0.09938781379678704,100,16,শেয়ার বাজার,post_filter,0.1,0.1,1,10,0.050681966685569346,5.557277996558696,7.585990516236052
uncorrelated,0.09938781379678704,100,16,শেয়ার বাজার,over_fetch,0.9,1.0,10,100,0.050681966685569346,5.579400982242078,6.423591118073091
uncorrelated,0.09938781379678704,100,16,শেয়ার বাজার,iterative,0.9,1.0,10,80,0.050681966685569346,19.706110004335642,20.6306331907399
uncorrelated,0.09938781379678704,100,17,ব্যাংক ঋণ,pre_filter,1.0,1.0,10,10,0.2029457070603063,592.080210975837,596.7150184384082
uncorrelated,0.09938781379678704,100,17,ব্যাংক ঋণ,post_filter,0.1,0.1,1,10,0.2029457070603063,4.609300987794995,5.040093197021633
uncorrelated,0.09938781379678704,100,17,ব্যাংক ঋণ,over_fetch,1.0,1.0,10,100,0.2029457070603063,4.870706994552165,5.130353418644518
uncorrelated,0.09938781379678704,100,17,ব্যাংক ঋণ,iterative,1.0,1.0,10,80,0.2029457070603063,18.76001595519483,20.08342820336111
uncorrelated,0.09938781379678704,100,18,অর্থনৈতিক প্রবৃদ্ধি,pre_filter,1.0,1.0,10,10,-0.04956926007319651,579.4153439928778,579.9031691858545
uncorrelated,0.09938781379678704,100,18,অর্থনৈতিক প্রবৃদ্ধি,post_filter,0.1,0.1,1,10,-0.04956926007319651,4.575768020004034,5.092726193834096
uncorrelated,0.09938781379678704,100,18,অর্থনৈতিক প্রবৃদ্ধি,over_fetch,0.9,0.9,9,100,-0.04956926007319651,5.1739810151048005,6.555112934438512
uncorrelated,0.09938781379678704,100,18,অর্থনৈতিক প্রবৃদ্ধি,iterative,1.0,1.0,10,160,-0.04956926007319651,24.19370098505169,24.399433750659227
uncorrelated,0.09938781379678704,100,19,বিনিয়োগ বাজার,pre_filter,1.0,1.0,10,10,-0.24711935535426136,554.8861169954762,569.5206353673711
uncorrelated,0.09938781379678704,100,19,বিনিয়োগ বাজার,post_filter,0.1,0.1,1,10,-0.24711935535426136,5.325529025867581,7.198010518914089
uncorrelated,0.09938781379678704,100,19,বিনিয়োগ বাজার,over_fetch,0.6,0.6,6,100,-0.24711935535426136,6.195308989845216,6.217878311872482
uncorrelated,0.09938781379678704,100,19,বিনিয়োগ বাজার,iterative,1.0,1.0,10,160,-0.24711935535426136,25.6294829887338,27.360396285075694
uncorrelated,0.05082378076338387,50,0,বিশ্ববিদ্যালয় ভর্তি,pre_filter,1.0,1.0,10,10,-0.11917342211928196,347.86191402236,360.52080372464843
uncorrelated,0.05082378076338387,50,0,বিশ্ববিদ্যালয় ভর্তি,post_filter,0.2,0.2,2,10,-0.11917342211928196,5.045949015766382,5.927081394474953
uncorrelated,0.05082378076338387,50,0,বিশ্ববিদ্যালয় ভর্তি,over_fetch,0.4,0.4,4,100,-0.11917342211928196,4.785505007021129,5.077027599327266
uncorrelated,0.05082378076338387,50,0,বিশ্ববিদ্যালয় ভর্তি,iterative,1.0,1.0,10,320,-0.11917342211928196,30.868446978274733,33.677373081445694
uncorrelated,0.05082378076338387,50,1,শিক্ষা নীতি পরিবর্তন,pre_filter,1.0,1.0,10,10,0.27819320731376423,359.5054029719904,368.1868146988563
uncorrelated,0.05082378076338387,50,1,শিক্ষা নীতি পরিবর্তন,post_filter,0.0,0.0,0,10,0.27819320731376423,4.664073989260942,5.123956012539566
uncorrelated,0.05082378076338387,50,1,শিক্ষা নীতি পরিবর্তন,over_fetch,0.9,0.9,9,100,0.27819320731376423,4.822475020773709,5.110184318618849
uncorrelated,0.05082378076338387,50,1,শিক্ষা নীতি পরিবর্তন,iterative,1.0,1.0,10,160,0.27819320731376423,23.730522021651268,23.83594079874456
uncorrelated,0.05082378076338387,50,2,স্কুল শিক্ষার্থী,pre_filter,1.0,1.0,10,10,-0.11917342211928196,343.6112920171581,353.58870460186154
uncorrelated,0.05082378076338387,50,2,স্কুল শিক্ষার্থী,post_filter,0.1,0.1,1,10,-0.11917342211928196,6.059661973267794,6.6645915736444294
uncorrelated,0.05082378076338387,50,2,স্কুল শিক্ষার্থী,over_fetch,0.4,0.4,4,100,-0.11917342211928196,5.984569026622921,6.4092295069713145
uncorrelated,0.05082378076338387,50,2,স্কুল শিক্ষার্থী,iterative,1.0,1.0,10,320,-0.11917342211928196,37.16246300609782,40.11655549984425
uncorrelated,0.05082378076338387,50,3,পরীক্ষার ফলাফল,pre_filter,1.0,1.0,10,10,0.27819320731376423,360.54439400322735,362.81435870332643
uncorrelated,0.05082378076338387,50,3,পরীক্ষার ফলাফল,post_filter,0.1,0.1,1,10,0.27819320731376423,4.63247497100383,5.287981918081641
uncorrelated,0.05082378076338387,50,3,পরীক্ষার ফলাফল,over_fetch,0.9,0.9,9,100,0.27819320731376423,4.947362991515547,5.204565881285816
uncorrelated,0.05082378076338387,50,3,পরীক্ষার ফলাফল,iterative,1.0,1.0,10,160,0.27819320731376423,24.29799799574539,24.482181202620268
uncorrelated,0.05082378076338387,50,4,নির্বাচন কমিশন,pre_filter,1.0,1.0,10,10,0.27819320731376423,355.44357099570334,356.85099553084
uncorrelated,0.05082378076338387,50,4,নির্বাচন কমিশন,post_filter,0.0,0.0,0,10,0.27819320731376423,4.676898999605328,5.216121394187212
uncorrelated,0.05082378076338387,50,4,নির্বাচন কমিশন,over_fetch,0.7,0.7,7,100,0.27819320731376423,4.885605012532324,5.228425795212388
uncorrelated,0.05082378076338387,50,4,নির্বাচন কমিশন,iterative,0.8,1.0,10,160,0.27819320731376423,23.934649012517184,25.391424098052084
uncorrelated,0.05082378076338387,50,5,রাজনৈতিক দল,pre_filter,1.0,1.0,10,10,-0.008170500621447026,352.8928239829838,369.67131070559844
uncorrelated,0.05082378076338387,50,5,রাজনৈতিক দল,post_filter,0.0,0.0,0,10,-0.008170500621447026,5.04642998566851,5.219603510340676
uncorrelated,0.05082378076338387,50,5,রাজনৈতিক দল,over_fetch,0.5,0.5,5,100,-0.008170500621447026,5.932099011261016,6.3230536063201725
uncorrelated,0.05082378076338387,50,5,রাজনৈতিক দল,iterative,1.0,1.0,10,320,-0.008170500621447026,37.38406399497762,37.757516285637394
uncorrelated,0.05082378076338387,50,6,সংসদ নির্বাচন,pre_filter,1.0,1.0,10,10,0.15871229252600547,337.81713497592136,363.0323270102963
uncorrelated,0.05082378076338387,50,6,সংসদ নির্বাচন,post_filter,0.0,0.0,0,10,0.15871229252600547,5.714297003578395,6.892037903890014
uncorrelated,0.05082378076338387,50,6,সংসদ নির্বাচন,over_fetch,0.7,0.7,7,100,0.15871229252600547,6.701930018607527,6.962947983993217
uncorrelated,0.05082378076338387,50,6,সংসদ নির্বাচন,iterative,1.0,1.0,10,160,0.15871229252600547,27.9666050337255,29.44238807540387
uncorrelated,0.05082378076338387,50,7,মন্ত্রিসভার সিদ্ধান্ত,pre_filter,1.0,1.0,10,10,0.08280009194243215,344.99984502326697,348.7369465176016
uncorrelated,0.05082378076338387,50,7,মন্ত্রিসভার সিদ্ধান্ত,post_filter,0.0,0.0,0,10,0.08280009194243215,5.510009010322392,6.11181918065995
uncorrelated,0.05082378076338387,50,7,মন্ত্রিসভার সিদ্ধান্ত,over_fetch,0.8,0.8,8,100,0.08280009194243215,6.2190429889597,6.320485600735992
uncorrelated,0.05082378076338387,50,7,মন্ত্রিসভার সিদ্ধান্ত,iterative,1.0,1.0,10,160,0.08280009194243215,27.56006404524669,28.801285498775542
uncorrelated,0.05082378076338387,50,8,কৃত্রিম বুদ্ধিমত্তা,pre_filter,1.0,1.0,10,10,0.22301923294348208,345.56499699829146,359.66149179730564
uncorrelated,0.05082378076338387,50,8,কৃত্রিম বুদ্ধিমত্তা,post_filter,0.0,0.0,0,10,0.22301923294348208,4.6841930015943944,5.3733067703433335
uncorrelated,0.05082378076338387,50,8,কৃত্রিম বুদ্ধিমত্তা,over_fetch,0.6,0.6,6,100,0.22301923294348208,5.009590007830411,5.375791899859905
uncorrelated,0.05082378076338387,50,8,কৃত্রিম বুদ্ধিমত্তা,iterative,0.9,1.0,10,320,0.22301923294348208,33.07553305057809,33.87506147264503
uncorrelated,0.05082378076338387,50,9,তথ্য প্রযুক্তি,pre_filter,1.0,1.0,10,10,0.27819320731376423,340.98209597868845,351.51752119418234
uncorrelated,0.05082378076338387,50,9,তথ্য প্রযুক্তি,post_filter,0.2,0.2,2,10,0.27819320731376423,4.529160039965063,5.077804531902075
uncorrelated,0.05082378076338387,50,9,তথ্য প্রযুক্তি,over_fetch,0.8,0.8,8,100,0.27819320731376423,5.240537982899696,5.830075789708644
uncorrelated,0.05082378076338387,50,9,তথ্য প্রযুক্তি,iterative,0.9,1.0,10,160,0.27819320731376423,25.21829301258549,26.33901978842914
uncorrelated,0.05082378076338387,50,10,মোবাইল ইন্টারনেট,pre_filter,1.0,1.0,10,10,0.08280009194243215,342.29764103656635,350.9154631930869
uncorrelated,0.05082378076338387,50,10,মোবাইল ইন্টারনেট,post_filter,0.0,0.0,0,10,0.08280009194243215,5.084471020381898,5.922152294078842
uncorrelated,0.05082378076338387,50,10,মোবাইল ইন্টারনেট,over_fetch,0.7,0.7,7,100,0.08280009194243215,4.883370012976229,5.078743794001639
uncorrelated,0.05082378076338387,50,10,মোবাইল ইন্টারনেট,iterative,1.0,1.0,10,160,0.08280009194243215,24.05520697357133,24.522996379528195
uncorrelated,0.05082378076338387,50,11,সাইবার নিরাপত্তা,pre_filter,1.0,1.0,10,10,-0.11917342211928196,354.748812969774,360.713994060643
uncorrelated,0.05082378076338387,50,11,সাইবার নিরাপত্তা,post_filter,0.0,0.0,0,10,-0.11917342211928196,4.814711050130427,5.238874693168327
uncorrelated,0.05082378076338387,50,11,সাইবার নিরাপত্তা,over_fetch,0.4,0.4,4,100,-0.11917342211928196,5.011583969462663,5.319626088021323
uncorrelated,0.05082378076338387,50,11,সাইবার নিরাপত্তা,iterative,1.0,1.0,10,320,-0.11917342211928196,30.831236974336207,32.00688627548516
uncorrelated,0.05082378076338387,50,12,বাংলাদেশ ক্রিকেট দল,pre_filter,1.0,1.0,10,10,0.15871229252600547,348.5085980501026,358.64476519054733
uncorrelated,0.05082378076338387,50,12,বাংলাদেশ ক্রিকেট দল,post_filter,0.0,0.0,0,10,0.15871229252600547,5.2048409706912935,5.428203026531264
uncorrelated,0.05082378076338387,50,12,বাংলাদেশ ক্রিকেট দল,over_fetch,0.7,0.7,7,100,0.15871229252600547,5.161818990018219,5.453702475642785
uncorrelated,0.05082378076338387,50,12,বাংলাদেশ ক্রিকেট দল,iterative,1.0,1.0,10,160,0.15871229252600547,26.527456007897854,28.707411693176255
uncorrelated,0.05082378076338387,50,13,ফুটবল ম্যাচ,pre_filter,1.0,1.0,10,10,-0.11917342211928196,343.2677499949932,372.35760763287544
uncorrelated,0.05082378076338387,50,13,ফুটবল ম্যাচ,post_filter,0.0,0.0,0,10,-0.11917342211928196,5.836108000949025,7.759598770644516
uncorrelated,0.05082378076338387,50,13,ফুটবল ম্যাচ,over_fetch,0.4,0.4,4,100,-0.11917342211928196,4.5857770019210875,4.903881071368232
uncorrelated,0.05082378076338387,50,13,ফুটবল ম্যাচ,iterative,0.9,1.0,10,320,-0.11917342211928196,29.039288987405598,29.044924769550562
uncorrelated,0.05082378076338387,50,14,বিশ্বকাপ ক্রিকেট,pre_filter,1.0,1.0,10,10,-0.25764423003604164,342.03751699533314,348.2036087429151
uncorrelated,0.05082378076338387,50,14,বিশ্বকাপ ক্রিকেট,post_filter,0.0,0.0,0,10,-0.25764423003604164,4.2578139691613615,4.708435037173331
uncorrelated,0.05082378076338387,50,14,বিশ্বকাপ ক্রিকেট,over_fetch,0.3,0.3,3,100,-0.25764423003604164,4.421004035975784,4.848098987713456
uncorrelated,0.05082378076338387,50,14,বিশ্বকাপ ক্রিকেট,iterative,1.0,1.0,10,320,-0.25764423003604164,28.04098604246974,28.15081391017884
uncorrelated,0.05082378076338387,50,15,খেলোয়াড় নির্বাচন,pre_filter,1.0,1.0,10,10,-0.008170500621447026,338.83052499732,349.57725851563737
uncorrelated,0.05082378076338387,50,15,খেলোয়াড় নির্বাচন,post_filter,0.1,0.1,1,10,-0.008170500621447026,4.390977032016963,4.798712144838646
uncorrelated,0.05082378076338387,50,15,খেলোয়াড় নির্বাচন,over_fetch,0.7,0.7,7,100,-0.008170500621447026,4.602068045642227,4.97034351574257
uncorrelated,0.05082378076338387,50,15,খেলোয়াড় নির্বাচন,iterative,1.0,1.0,10,320,-0.008170500621447026,29.17362400330603,30.16274562687613
uncorrelated,0.05082378076338387,50,16,শেয়ার বাজার,pre_filter,1.0,1.0,10,10,0.22301923294348208,337.3527330113575,348.76638805726543
uncorrelated,0.05082378076338387,50,16,শেয়ার বাজার,post_filter,0.1,0.1,1,10,0.22301923294348208,4.897537000942975,5.977091501699761
uncorrelated,0.05082378076338387,50,16,শেয়ার বাজার,over_fetch,0.8,0.8,8,100,0.22301923294348208,4.640810948330909,4.8997275182046
uncorrelated,0.05082378076338387,50,16,শেয়ার বাজার,iterative,1.0,1.0,10,160,0.22301923294348208,25.674948992673308,26.6696433769539
uncorrelated,0.05082378076338387,50,17,ব্যাংক ঋণ,pre_filter,1.0,1.0,10,10,0.27819320731376423,334.3738940311596,337.6306447898969
uncorrelated,0.05082378076338387,50,17,ব্যাংক ঋণ,post_filter,0.1,0.1,1,10,0.27819320731376423,4.409461980685592,4.747151886112988
uncorrelated,0.05082378076338387,50,17,ব্যাংক ঋণ,over_fetch,0.9,0.9,9,100,0.27819320731376423,4.503710952121764,4.682501399656758
uncorrelated,0.05082378076338387,50,17,ব্যাংক ঋণ,iterative,1.0,1.0,10,160,0.27819320731376423,22.419133980292827,22.757853497751057
uncorrelated,0.05082378076338387,50,18,অর্থনৈতিক প্রবৃদ্ধি,pre_filter,1.0,1.0,10,10,0.08280009194243215,326.156610972248,342.5382102839649
uncorrelated,0.05082378076338387,50,18,অর্থনৈতিক প্রবৃদ্ধি,post_filter,0.1,0.1,1,10,0.08280009194243215,4.732805013190955,5.18650941667147
uncorrelated,0.05082378076338387,50,18,অর্থনৈতিক প্রবৃদ্ধি,over_fetch,0.6,0.6,6,100,0.08280009194243215,4.993350012227893,5.335980892414227
uncorrelated,0.05082378076338387,50,18,অর্থনৈতিক প্রবৃদ্ধি,iterative,1.0,1.0,10,320,0.08280009194243215,28.338450007140636,28.403644188074395
uncorrelated,0.05082378076338387,50,19,বিনিয়োগ বাজার,pre_filter,1.0,1.0,10,10,-0.25764423003604164,321.57933100825176,346.09560731914826
uncorrelated,0.05082378076338387,50,19,বিনিয়োগ বাজার,post_filter,0.0,0.0,0,10,-0.25764423003604164,4.694042028859258,4.717892000917345
uncorrelated,0.05082378076338387,50,19,বিনিয়োগ বাজার,over_fetch,0.3,0.3,3,100,-0.25764423003604164,4.635310033336282,4.757428338052705
uncorrelated,0.05082378076338387,50,19,বিনিয়োগ বাজার,iterative,1.0,1.0,10,320,-0.25764423003604164,27.24186104023829,27.6065482175909
uncorrelated,0.010251037429639672,10,0,বিশ্ববিদ্যালয় ভর্তি,pre_filter,1.0,1.0,10,10,-0.012396275030939935,152.8697360190563,162.1226233895868
uncorrelated,0.010251037429639672,10,0,বিশ্ববিদ্যালয় ভর্তি,post_filter,0.1,0.1,1,10,-0.012396275030939935,3.326738951727748,3.601588209858164
uncorrelated,0.010251037429639672,10,0,বিশ্ববিদ্যালয় ভর্তি,over_fetch,0.1,0.1,1,100,-0.012396275030939935,3.6490600323304534,3.649997810134664
uncorrelated,0.010251037429639672,10,0,বিশ্ববিদ্যালয় ভর্তি,iterative,1.0,1.0,10,1280,-0.012396275030939935,42.14452102314681,42.349082889268175
uncorrelated,0.010251037429639672,10,1,শিক্ষা নীতি পরিবর্তন,pre_filter,1.0,1.0,10,10,0.3222687021241919,150.80384904285893,173.77842707792297
uncorrelated,0.010251037429639672,10,1,শিক্ষা নীতি পরিবর্তন,post_filter,0.0,0.0,0,10,0.3222687021241919,3.312232031021267,3.4266589442268014
uncorrelated,0.010251037429639672,10,1,শিক্ষা নীতি পরিবর্তন,over_fetch,0.2,0.2,2,100,0.3222687021241919,3.560702025424689,3.6275098798796535
uncorrelated,0.010251037429639672,10,1,শিক্ষা নীতি পরিবর্তন,iterative,1.0,1.0,10,640,0.3222687021241919,31.763164966832846,32.57377520785667
uncorrelated,0.010251037429639672,10,2,স্কুল শিক্ষার্থী,pre_filter,1.0,1.0,10,10,-1.0,156.39614302199334,205.16764252679422
uncorrelated,0.010251037429639672,10,2,স্কুল শিক্ষার্থী,post_filter,0.0,0.0,0,10,-1.0,3.529824025463313,3.7195709825027734
uncorrelated,0.010251037429639672,10,2,স্কুল শিক্ষার্থী,over_fetch,0.0,0.0,0,100,-1.0,3.821306978352368,3.883911937009543
uncorrelated,0.010251037429639672,10,2,স্কুল শিক্ষার্থী,iterative,1.0,1.0,10,1280,-1.0,41.64490400580689,46.539772691903636
uncorrelated,0.010251037429639672,10,3,পরীক্ষার ফলাফল,pre_filter,1.0,1.0,10,10,-1.0,149.22452403698117,155.47625877079554
uncorrelated,0.010251037429639672,10,3,পরীক্ষার ফলাফল,post_filter,0.0,0.0,0,10,-1.0,3.4099360345862806,3.4889442729763687
uncorrelated,0.010251037429639672,10,3,পরীক্ষার ফলাফল,over_fetch,0.0,0.0,0,100,-1.0,3.656724002212286,4.022313910536468
uncorrelated,0.010251037429639672,10,3,পরীক্ষার ফলাফল,iterative,0.8,0.8,8,1280,-1.0,43.82399597670883,44.63680578628555
uncorrelated,0.010251037429639672,10,4,নির্বাচন কমিশন,pre_filter,1.0,1.0,10,10,0.3222687021241919,149.7609710204415,159.0609643724747
uncorrelated,0.010251037429639672,10,4,নির্বাচন কমিশন,post_filter,0.0,0.0,0,10,0.3222687021241919,3.3899889676831663,3.5444883978925645
uncorrelated,0.010251037429639672,10,4,নির্বাচন কমিশন,over_fetch,0.1,0.1,1,100,0.3222687021241919,3.7794969975948334,3.8883250090293586
uncorrelated,0.010251037429639672,10,4,নির্বাচন কমিশন,iterative,1.0,1.0,10,640,0.3222687021241919,30.03436600556597,30.589584057452157
uncorrelated,0.010251037429639672,10,5,রাজনৈতিক দল,pre_filter,1.0,1.0,10,10,-1.0,147.09665795089677,147.30260859359987
uncorrelated,0.010251037429639672,10,5,রাজনৈতিক দল,post_filter,0.0,0.0,0,10,-1.0,3.196650999598205,3.2564893015660346
uncorrelated,0.010251037429639672,10,5,রাজনৈতিক দল,over_fetch,0.0,0.0,0,100,-1.0,3.7103359936736524,3.937549114925787
uncorrelated,0.010251037429639672,10,5,রাজনৈতিক দল,iterative,1.0,1.0,10,640,-1.0,28.475119033828378,28.758960083359852
uncorrelated,0.010251037429639672,10,6,সংসদ নির্বাচন,pre_filter,1.0,1.0,10,10,0.3222687021241919,145.39680397138,148.48996722139418
uncorrelated,0.010251037429639672,10,6,সংসদ নির্বাচন,post_filter,0.0,0.0,0,10,0.3222687021241919,3.240303951315582,3.641457384219393
uncorrelated,0.010251037429639672,10,6,সংসদ নির্বাচন,over_fetch,0.2,0.2,2,100,0.3222687021241919,3.498644975479692,3.5321339790243655
uncorrelated,0.010251037429639672,10,6,সংসদ নির্বাচন,iterative,1.0,1.0,10,1280,0.3222687021241919,43.072751024737954,43.19622290204279
uncorrelated,0.010251037429639672,10,7,মন্ত্রিসভার সিদ্ধান্ত,pre_filter,1.0,1.0,10,10,-0.012396275030939935,148.31563999177888,158.16037459298968
uncorrelated,0.010251037429639672,10,7,মন্ত্রিসভার সিদ্ধান্ত,post_filter,0.0,0.0,0,10,-0.012396275030939935,3.571312001440674,4.543409193865955
uncorrelated,0.010251037429639672,10,7,মন্ত্রিসভার সিদ্ধান্ত,over_fetch,0.2,0.2,2,100,-0.012396275030939935,3.765992005355656,3.9559640164952725
uncorrelated,0.010251037429639672,10,7,মন্ত্রিসভার সিদ্ধান্ত,iterative,0.9,1.0,10,640,-0.012396275030939935,32.13806601706892,32.32735217898153
uncorrelated,0.010251037429639672,10,8,কৃত্রিম বুদ্ধিমত্তা,pre_filter,1.0,1.0,10,10,-0.012396275030939935,147.84289302770048,155.9228005236946
uncorrelated,0.010251037429639672,10,8,কৃত্রিম বুদ্ধিমত্তা,post_filter,0.0,0.0,0,10,-0.012396275030939935,3.446515998803079,3.4821784822270274
uncorrelated,0.010251037429639672,10,8,কৃত্রিম বুদ্ধিমত্তা,over_fetch,0.1,0.1,1,100,-0.012396275030939935,3.6658509634435177,3.6689901957288384
uncorrelated,0.010251037429639672,10,8,কৃত্রিম বুদ্ধিমত্তা,iterative,1.0,1.0,10,1280,-0.012396275030939935,47.024043975397944,48.22910799412057
uncorrelated,0.010251037429639672,10,9,তথ্য প্রযুক্তি,pre_filter,1.0,1.0,10,10,-1.0,148.25078699504957,151.0669706738554
uncorrelated,0.010251037429639672,10,9,তথ্য প্রযুক্তি,post_filter,0.0,0.0,0,10,-1.0,3.350722952745855,3.390967403538525
uncorrelated,0.010251037429639672,10,9,তথ্য প্রযুক্তি,over_fetch,0.0,0.0,0,100,-1.0,3.907739999704063,3.916748135816306
uncorrelated,0.010251037429639672,10,9,তথ্য প্রযুক্তি,iterative,1.0,1.0,10,1280,-1.0,45.3448899788782,45.75304093887098
uncorrelated,0.010251037429639672,10,10,মোবাইল ইন্টারনেট,pre_filter,1.0,1.0,10,10,0.3222687021241919,156.7006210098043,162.10993329877965
uncorrelated,0.010251037429639672,10,10,মোবাইল ইন্টারনেট,post_filter,0.0,0.0,0,10,0.3222687021241919,3.4994559828191996,3.5518549266271293
uncorrelated,0.010251037429639672,10,10,মোবাইল ইন্টারনেট,over_fetch,0.2,0.2,2,100,0.3222687021241919,3.7288410239852965,3.8273343059699982
uncorrelated,0.010251037429639672,10,10,মোবাইল ইন্টারনেট,iterative,1.0,1.0,10,1280,0.3222687021241919,44.97789399465546,46.1234085727483
uncorrelated,0.010251037429639672,10,11,সাইবার নিরাপত্তা,pre_filter,1.0,1.0,10,10,0.3222687021241919,150.30573401600122,165.4606378171593
uncorrelated,0.010251037429639672,10,11,সাইবার নিরাপত্তা,post_filter,0.0,0.0,0,10,0.3222687021241919,3.5072409664280713,3.6177087924443185
uncorrelated,0.010251037429639672,10,11,সাইবার নিরাপত্তা,over_fetch,0.2,0.2,2,100,0.3222687021241919,3.8137519732117653,3.8422738609369844
uncorrelated,0.010251037429639672,10,11,সাইবার নিরাপত্তা,iterative,1.0,1.0,10,1280,0.3222687021241919,43.17885194905102,43.55041972594336
uncorrelated,0.010251037429639672,10,12,বাংলাদেশ ক্রিকেট দল,pre_filter,1.0,1.0,10,10,0.3222687021241919,147.5528529845178,148.2057994173374
uncorrelated,0.010251037429639672,10,12,বাংলাদেশ ক্রিকেট দল,post_filter,0.0,0.0,0,10,0.3222687021241919,3.3722860389389098,3.5453955992124975
uncorrelated,0.010251037429639672,10,12,বাংলাদেশ ক্রিকেট দল,over_fetch,0.2,0.2,2,100,0.3222687021241919,3.794985997956246,3.7976644351147115
uncorrelated,0.010251037429639672,10,12,বাংলাদেশ ক্রিকেট দল,iterative,1.0,1.0,10,1280,0.3222687021241919,40.602997003588825,40.86376393097453
uncorrelated,0.010251037429639672,10,13,ফুটবল ম্যাচ,pre_filter,1.0,1.0,10,10,-0.012396275030939935,148.002386034932,153.7429144664202
uncorrelated,0.010251037429639672,10,13,ফুটবল ম্যাচ,post_filter,0.0,0.0,0,10,-0.012396275030939935,3.4757819958031178,3.4899741294793785
uncorrelated,0.010251037429639672,10,13,ফুটবল ম্যাচ,over_fetch,0.1,0.1,1,100,-0.012396275030939935,3.7029620143584907,4.404475132469088
uncorrelated,0.010251037429639672,10,13,ফুটবল ম্যাচ,iterative,1.0,1.0,10,1280,-0.012396275030939935,43.196555983740836,43.378214666154236
uncorrelated,0.010251037429639672,10,14,বিশ্বকাপ ক্রিকেট,pre_filter,1.0,1.0,10,10,-1.0,144.62494099279866,152.86997868679464
uncorrelated,0.010251037429639672,10,14,বিশ্বকাপ ক্রিকেট,post_filter,0.0,0.0,0,10,-1.0,3.4890560200437903,3.5539973294362426
uncorrelated,0.010251037429639672,10,14,বিশ্বকাপ ক্রিকেট,over_fetch,0.0,0.0,0,100,-1.0,3.745542955584824,3.745749988593161
uncorrelated,0.010251037429639672,10,14,বিশ্বকাপ ক্রিকেট,iterative,1.0,1.0,10,1280,-1.0,45.42161599965766,46.490556810749695
uncorrelated,0.010251037429639672,10,15,খেলোয়াড় নির্বাচন,pre_filter,1.0,1.0,10,10,0.3222687021241919,152.5312539888546,154.53508776263334
uncorrelated,0.010251037429639672,10,15,খেলোয়াড় নির্বাচন,post_filter,0.0,0.0,0,10,0.3222687021241919,3.358289017342031,3.361408394994214
uncorrelated,0.010251037429639672,10,15,খেলোয়াড় নির্বাচন,over_fetch,0.2,0.2,2,100,0.3222687021241919,3.652165993116796,3.7174763157963753
uncorrelated,0.010251037429639672,10,15,খেলোয়াড় নির্বাচন,iterative,1.0,1.0,10,1280,0.3222687021241919,42.533027997706085,43.103990668896586
uncorrelated,0.010251037429639672,10,16,শেয়ার বাজার,pre_filter,1.0,1.0,10,10,0.3222687021241919,149.84319603536278,150.245530216489
uncorrelated,0.010251037429639672,10,16,শেয়ার বাজার,post_filter,0.0,0.0,0,10,0.3222687021241919,3.566152008716017,3.6314811906777322
uncorrelated,0.010251037429639672,10,16,শেয়ার বাজার,over_fetch,0.2,0.2,2,100,0.3222687021241919,3.9976609987206757,4.0427735017146915
uncorrelated,0.010251037429639672,10,16,শেয়ার বাজার,iterative,1.0,1.0,10,1280,0.3222687021241919,45.049149019178,46.36810707161203
uncorrelated,0.010251037429639672,10,17,ব্যাংক ঋণ,pre_filter,1.0,1.0,10,10,-0.012396275030939935,155.84540797863156,157.08549462724477
uncorrelated,0.010251037429639672,10,17,ব্যাংক ঋণ,post_filter,0.0,0.0,0,10,-0.012396275030939935,3.2622870057821274,3.288210608297959
uncorrelated,0.010251037429639672,10,17,ব্যাংক ঋণ,over_fetch,0.1,0.1,1,100,-0.012396275030939935,3.696940024383366,4.124756815144792
uncorrelated,0.010251037429639672,10,17,ব্যাংক ঋণ,iterative,1.0,1.0,10,640,-0.012396275030939935,29.576316999737173,29.933087836252525
uncorrelated,0.010251037429639672,10,18,অর্থনৈতিক প্রবৃদ্ধি,pre_filter,1.0,1.0,10,10,0.3222687021241919,148.0701639666222,151.2003235227894
uncorrelated,0.010251037429639672,10,18,অর্থনৈতিক প্রবৃদ্ধি,post_filter,0.0,0.0,0,10,0.3222687021241919,4.018030012957752,4.045541200321168
uncorrelated,0.010251037429639672,10,18,অর্থনৈতিক প্রবৃদ্ধি,over_fetch,0.2,0.2,2,100,0.3222687021241919,3.5440510255284607,3.718387329718098
uncorrelated,0.010251037429639672,10,18,অর্থনৈতিক প্রবৃদ্ধি,iterative,1.0,1.0,10,1280,0.3222687021241919,42.85741300554946,43.52398359333165
uncorrelated,0.010251037429639672,10,19,বিনিয়োগ বাজার,pre_filter,1.0,1.0,10,10,-1.0,148.03261298220605,156.3410944014322
uncorrelated,0.010251037429639672,10,19,বিনিয়োগ বাজার,post_filter,0.0,0.0,0,10,-1.0,3.509405010845512,3.9479795028455555
uncorrelated,0.010251037429639672,10,19,বিনিয়োগ বাজার,over_fetch,0.0,0.0,0,100,-1.0,3.7012689863331616,3.753595007583499
uncorrelated,0.010251037429639672,10,19,বিনিয়োগ বাজার,iterative,1.0,1.0,10,1280,-1.0,42.27052896749228,44.99772522831336
uncorrelated,0.005300135584863799,5,0,বিশ্ববিদ্যালয় ভর্তি,pre_filter,1.0,1.0,10,10,-1.0,136.2599179847166,136.68835671269335
uncorrelated,0.005300135584863799,5,0,বিশ্ববিদ্যালয় ভর্তি,post_filter,0.0,0.0,0,10,-1.0,3.7992349825799465,3.82021761033684
uncorrelated,0.005300135584863799,5,0,বিশ্ববিদ্যালয় ভর্তি,over_fetch,0.0,0.0,0,100,-1.0,4.050561983603984,4.417809675214812
uncorrelated,0.005300135584863799,5,0,বিশ্ববিদ্যালয় ভর্তি,iterative,1.0,1.0,10,1280,-1.0,47.59491700679064,47.67884825123474
uncorrelated,0.005300135584863799,5,1,শিক্ষা নীতি পরিবর্তন,pre_filter,1.0,1.0,10,10,-1.0,131.73135998658836,137.25762460380793
uncorrelated,0.005300135584863799,5,1,শিক্ষা নীতি পরিবর্তন,post_filter,0.0,0.0,0,10,-1.0,3.3872629865072668,3.43193449662067
uncorrelated,0.005300135584863799,5,1,শিক্ষা নীতি পরিবর্তন,over_fetch,0.0,0.0,0,100,-1.0,3.8133219932205975,3.813808038830757
uncorrelated,0.005300135584863799,5,1,শিক্ষা নীতি পরিবর্তন,iterative,1.0,1.0,10,1280,-1.0,42.93955798493698,49.81020930572413
uncorrelated,0.005300135584863799,5,2,স্কুল শিক্ষার্থী,pre_filter,1.0,1.0,10,10,-1.0,134.02935699559748,134.38209760352038
uncorrelated,0.005300135584863799,5,2,স্কুল শিক্ষার্থী,post_filter,0.0,0.0,0,10,-1.0,3.6370070301927626,3.8217311317566782
uncorrelated,0.005300135584863799,5,2,স্কুল শিক্ষার্থী,over_fetch,0.0,0.0,0,100,-1.0,4.096749005839229,4.108264535898343
uncorrelated,0.005300135584863799,5,2,স্কুল শিক্ষার্থী,iterative,0.7,0.7,7,1280,-1.0,43.70945901609957,46.07007258455269
uncorrelated,0.005300135584863799,5,3,পরীক্ষার ফলাফল,pre_filter,1.0,1.0,10,10,-1.0,135.6245229835622,157.46369443950243
uncorrelated,0.005300135584863799,5,3,পরীক্ষার ফলাফল,post_filter,0.0,0.0,0,10,-1.0,3.607521008234471,3.6535443097818643
uncorrelated,0.005300135584863799,5,3,পরীক্ষার ফলাফল,over_fetch,0.0,0.0,0,100,-1.0,3.893123008310795,3.922491834964603
uncorrelated,0.005300135584863799,5,3,পরীক্ষার ফলাফল,iterative,0.5,0.5,5,1280,-1.0,46.383648994378746,56.60345050273463
uncorrelated,0.005300135584863799,5,4,নির্বাচন কমিশন,pre_filter,1.0,1.0,10,10,0.5810191951671052,130.91087399516255,136.60689483513124
uncorrelated,0.005300135584863799,5,4,নির্বাচন কমিশন,post_filter,0.0,0.0,0,10,0.5810191951671052,3.342178009916097,3.4046848479192704
uncorrelated,0.005300135584863799,5,4,নির্বাচন কমিশন,over_fetch,0.1,0.1,1,100,0.5810191951671052,3.7243019905872643,3.7785945110954344
uncorrelated,0.005300135584863799,5,4,নির্বাচন কমিশন,iterative,0.9,0.9,9,1280,0.5810191951671052,42.75018902262673,44.07141149858944
uncorrelated,0.005300135584863799,5,5,রাজনৈতিক দল,pre_filter,1.0,1.0,10,10,-1.0,135.1756809744984,138.7920259090606
uncorrelated,0.005300135584863799,5,5,রাজনৈতিক দল,post_filter,0.0,0.0,0,10,-1.0,3.3628970268182456,3.497404674999416
uncorrelated,0.005300135584863799,5,5,রাজনৈতিক দল,over_fetch,0.0,0.0,0,100,-1.0,3.7467649672180414,3.7924274278339
uncorrelated,0.005300135584863799,5,5,রাজনৈতিক দল,iterative,1.0,1.0,10,1280,-1.0,51.74937500851229,54.639536945614964
uncorrelated,0.005300135584863799,5,6,সংসদ নির্বাচন,pre_filter,1.0,1.0,10,10,0.5810191951671052,137.78494897997007,142.45331920683384
uncorrelated,0.005300135584863799,5,6,সংসদ নির্বাচন,post_filter,0.0,0.0,0,10,0.5810191951671052,3.4711220068857074,3.7300213938578963
uncorrelated,0.005300135584863799,5,6,সংসদ নির্বাচন,over_fetch,0.2,0.2,2,100,0.5810191951671052,3.7084220093674958,3.709675680147484
uncorrelated,0.005300135584863799,5,6,সংসদ নির্বাচন,iterative,1.0,1.0,10,1280,0.5810191951671052,54.40803698729724,58.25974539620802
uncorrelated,0.005300135584863799,5,7,মন্ত্রিসভার সিদ্ধান্ত,pre_filter,1.0,1.0,10,10,-1.0,144.04276700224727,144.14723810041323
uncorrelated,0.005300135584863799,5,7,মন্ত্রিসভার সিদ্ধান্ত,post_filter,0.0,0.0,0,10,-1.0,3.8041939842514694,4.0440043725539
uncorrelated,0.005300135584863799,5,7,মন্ত্রিসভার সিদ্ধান্ত,over_fetch,0.0,0.0,0,100,-1.0,4.131384019274265,4.337578522972763
uncorrelated,0.005300135584863799,5,7,মন্ত্রিসভার সিদ্ধান্ত,iterative,0.9,1.0,10,1280,-1.0,48.402377986349165,51.67241102317348
uncorrelated,0.005300135584863799,5,8,কৃত্রিম বুদ্ধিমত্তা,pre_filter,1.0,1.0,10,10,-1.0,136.9283949607052,139.08589840866625
uncorrelated,0.005300135584863799,5,8,কৃত্রিম বুদ্ধিমত্তা,post_filter,0.0,0.0,0,10,-1.0,3.6868409952148795,3.6906200810335577
uncorrelated,0.005300135584863799,5,8,কৃত্রিম বুদ্ধিমত্তা,over_fetch,0.0,0.0,0,100,-1.0,3.8078309735283256,4.04722651001066
uncorrelated,0.005300135584863799,5,8,কৃত্রিম বুদ্ধিমত্তা,iterative,0.8,0.8,8,1280,-1.0,49.86511199967936,50.26414591120556
uncorrelated,0.005300135584863799,5,9,তথ্য প্রযুক্তি,pre_filter,1.0,1.0,10,10,-1.0,140.1658949907869,140.96803799038753
uncorrelated,0.005300135584863799,5,9,তথ্য প্রযুক্তি,post_filter,0.0,0.0,0,10,-1.0,3.4780059941112995,3.555363730993122
uncorrelated,0.005300135584863799,5,9,তথ্য প্রযুক্তি,over_fetch,0.0,0.0,0,100,-1.0,3.7742270505987108,3.825210186187178
uncorrelated,0.005300135584863799,5,9,তথ্য প্রযুক্তি,iterative,1.0,1.0,10,1280,-1.0,46.7408670228906,47.17453558696434
uncorrelated,0.005300135584863799,5,10,মোবাইল ইন্টারনেট,pre_filter,1.0,1.0,10,10,0.30717795859179897,136.5996320382692,139.40264151315205
uncorrelated,0.005300135584863799,5,10,মোবাইল ইন্টারনেট,post_filter,0.0,0.0,0,10,0.30717795859179897,3.4120299969799817,3.4643020073417574
uncorrelated,0.005300135584863799,5,10,মোবাইল ইন্টারনেট,over_fetch,0.1,0.1,1,100,0.30717795859179897,3.6746690166182816,3.709943575086072
uncorrelated,0.005300135584863799,5,10,মোবাইল ইন্টারনেট,iterative,0.6,0.6,6,1280,0.30717795859179897,46.62246198859066,47.767913597635925
uncorrelated,0.005300135584863799,5,11,সাইবার নিরাপত্তা,pre_filter,1.0,1.0,10,10,0.30717795859179897,147.54176198039204,148.84302876889706
uncorrelated,0.005300135584863799,5,11,সাইবার নিরাপত্তা,post_filter,0.0,0.0,0,10,0.30717795859179897,3.9713209844194353,4.324457637267187
uncorrelated,0.005300135584863799,5,11,সাইবার নিরাপত্তা,over_fetch,0.1,0.1,1,100,0.30717795859179897,4.209482984151691,4.311917437007651
uncorrelated,0.005300135584863799,5,11,সাইবার নিরাপত্তা,iterative,0.6,0.6,6,1280,0.30717795859179897,44.77797501021996,52.73298586253077
uncorrelated,0.005300135584863799,5,12,বাংলাদেশ ক্রিকেট দল,pre_filter,1.0,1.0,10,10,0.30717795859179897,137.79234397225082,139.31199490907602
uncorrelated,0.005300135584863799,5,12,বাংলাদেশ ক্রিকেট দল,post_filter,0.0,0.0,0,10,0.30717795859179897,5.455385951790959,5.672112264437601
uncorrelated,0.005300135584863799,5,12,বাংলাদেশ ক্রিকেট দল,over_fetch,0.1,0.1,1,100,0.30717795859179897,5.534205003641546,5.665981199126691
uncorrelated,0.005300135584863799,5,12,বাংলাদেশ ক্রিকেট দল,iterative,0.7,0.7,7,1280,0.30717795859179897,51.962749974336475,57.269718806492165
uncorrelated,0.005300135584863799,5,13,ফুটবল ম্যাচ,pre_filter,1.0,1.0,10,10,-1.0,140.9976310096681,141.27248199656606
uncorrelated,0.005300135584863799,5,13,ফুটবল ম্যাচ,post_filter,0.0,0.0,0,10,-1.0,4.543896997347474,4.820910724811256
uncorrelated,0.005300135584863799,5,13,ফুটবল ম্যাচ,over_fetch,0.0,0.0,0,100,-1.0,5.113357037771493,5.230137432226911
uncorrelated,0.005300135584863799,5,13,ফুটবল ম্যাচ,iterative,0.6,0.6,6,1280,-1.0,53.784443996846676,55.124601611169055
uncorrelated,0.005300135584863799,5,14,বিশ্বকাপ ক্রিকেট,pre_filter,1.0,1.0,10,10,-1.0,135.05197601625696,144.77522320812568
uncorrelated,0.005300135584863799,5,14,বিশ্বকাপ ক্রিকেট,post_filter,0.0,0.0,0,10,-1.0,4.85263200243935,5.14163997140713
uncorrelated,0.005300135584863799,5,14,বিশ্বকাপ ক্রিকেট,over_fetch,0.0,0.0,0,100,-1.0,4.461681004613638,4.57673876080662
uncorrelated,0.005300135584863799,5,14,বিশ্বকাপ ক্রিকেট,iterative,0.8,0.8,8,1280,-1.0,54.6352380188182,55.51771501195617
uncorrelated,0.005300135584863799,5,15,খেলোয়াড় নির্বাচন,pre_filter,1.0,1.0,10,10,0.30717795859179897,147.51530200010166,150.81890497822315
uncorrelated,0.005300135584863799,5,15,খেলোয়াড় নির্বাচন,post_filter,0.0,0.0,0,10,0.30717795859179897,5.465644993819296,5.668403336312622
uncorrelated,0.005300135584863799,5,15,খেলোয়াড় নির্বাচন,over_fetch,0.1,0.1,1,100,0.30717795859179897,4.506555967964232,4.582633002428338
uncorrelated,0.005300135584863799,5,15,খেলোয়াড় নির্বাচন,iterative,0.7,0.7,7,1280,0.30717795859179897,45.12407100992277,62.987793906359
uncorrelated,0.005300135584863799,5,16,শেয়ার বাজার,pre_filter,1.0,1.0,10,10,0.5810191951671052,139.61630198173225,142.01839392189868
uncorrelated,0.005300135584863799,5,16,শেয়ার বাজার,post_filter,0.0,0.0,0,10,0.5810191951671052,3.396331041585654,3.436393605079502
uncorrelated,0.005300135584863799,5,16,শেয়ার বাজার,over_fetch,0.2,0.2,2,100,0.5810191951671052,3.7201149971224368,3.765028639463708
uncorrelated,0.005300135584863799,5,16,শেয়ার বাজার,iterative,1.0,1.0,10,1280,0.5810191951671052,45.48419400816783,46.284299419494346
uncorrelated,0.005300135584863799,5,17,ব্যাংক ঋণ,pre_filter,1.0,1.0,10,10,0.30717795859179897,138.28182098222896,139.25152058363892
uncorrelated,0.005300135584863799,5,17,ব্যাংক ঋণ,post_filter,0.0,0.0,0,10,0.30717795859179897,3.4753700019791722,3.6487063975073397
uncorrelated,0.005300135584863799,5,17,ব্যাংক ঋণ,over_fetch,0.1,0.1,1,100,0.30717795859179897,3.7035929854027927,3.883204178418964
uncorrelated,0.005300135584863799,5,17,ব্যাংক ঋণ,iterative,1.0,1.0,10,1280,0.30717795859179897,41.56146495370194,41.61505370866507
uncorrelated,0.005300135584863799,5,18,অর্থনৈতিক প্রবৃদ্ধি,pre_filter,1.0,1.0,10,10,0.5810191951671052,135.6091930065304,139.34679851518013
uncorrelated,0.005300135584863799,5,18,অর্থনৈতিক প্রবৃদ্ধি,post_filter,0.0,0.0,0,10,0.5810191951671052,3.333040978759527,3.3762958948500454
uncorrelated,0.005300135584863799,5,18,অর্থনৈতিক প্রবৃদ্ধি,over_fetch,0.2,0.2,2,100,0.5810191951671052,3.6953180097043514,4.160662990761921
uncorrelated,0.005300135584863799,5,18,অর্থনৈতিক প্রবৃদ্ধি,iterative,0.9,1.0,10,1280,0.5810191951671052,48.04226499982178,48.552128521259874
uncorrelated,0.005300135584863799,5,19,বিনিয়োগ বাজার,pre_filter,1.0,1.0,10,10,-1.0,139.97419096995145,144.28105552797206
uncorrelated,0.005300135584863799,5,19,বিনিয়োগ বাজার,post_filter,0.0,0.0,0,10,-1.0,3.465421963483095,3.5405251779593527
uncorrelated,0.005300135584863799,5,19,বিনিয়োগ বাজার,over_fetch,0.0,0.0,0,100,-1.0,4.030943964608014,4.085740499431267
uncorrelated,0.005300135584863799,5,19,বিনিয়োগ বাজার,iterative,0.9,0.9,9,1280,-1.0,47.090880980249494,57.8022220171988
uncorrelated,0.000944985414355561,1,0,বিশ্ববিদ্যালয় ভর্তি,pre_filter,1.0,1.0,10,10,-1.0,130.3908770205453,137.13073581457138
uncorrelated,0.000944985414355561,1,0,বিশ্ববিদ্যালয় ভর্তি,post_filter,0.0,0.0,0,10,-1.0,3.6016099620610476,3.6349100060760975
uncorrelated,0.000944985414355561,1,0,বিশ্ববিদ্যালয় ভর্তি,over_fetch,0.0,0.0,0,100,-1.0,4.09274100093171,4.198944638483226
uncorrelated,0.000944985414355561,1,0,বিশ্ববিদ্যালয় ভর্তি,iterative,0.2,0.2,2,1280,-1.0,40.71969899814576,41.62692691315897
uncorrelated,0.000944985414355561,1,1,শিক্ষা নীতি পরিবর্তন,pre_filter,1.0,1.0,10,10,-1.0,127.94422800652683,127.96443572733551
uncorrelated,0.000944985414355561,1,1,শিক্ষা নীতি পরিবর্তন,post_filter,0.0,0.0,0,10,-1.0,3.3711320138536394,3.4760198497679085
uncorrelated,0.000944985414355561,1,1,শিক্ষা নীতি পরিবর্তন,over_fetch,0.0,0.0,0,100,-1.0,3.714765014592558,3.7307967140804976
uncorrelated,0.000944985414355561,1,1,শিক্ষা নীতি পরিবর্তন,iterative,0.3,0.3,3,1280,-1.0,46.345948008820415,48.29911543056369
uncorrelated,0.000944985414355561,1,2,স্কুল শিক্ষার্থী,pre_filter,1.0,1.0,10,10,-1.0,124.06165502034128,124.89218396367505
uncorrelated,0.000944985414355561,1,2,স্কুল শিক্ষার্থী,post_filter,0.0,0.0,0,10,-1.0,3.38658201508224,3.4781956928782165
uncorrelated,0.000944985414355561,1,2,স্কুল শিক্ষার্থী,over_fetch,0.0,0.0,0,100,-1.0,3.709703974891454,3.7303175893612206
uncorrelated,0.000944985414355561,1,2,স্কুল শিক্ষার্থী,iterative,0.2,0.2,2,1280,-1.0,43.15719095757231,43.624394468497485
uncorrelated,0.000944985414355561,1,3,পরীক্ষার ফলাফল,pre_filter,1.0,1.0,10,10,-1.0,126.67824700474739,150.13582634273916
uncorrelated,0.000944985414355561,1,3,পরীক্ষার ফলাফল,post_filter,0.0,0.0,0,10,-1.0,4.1704989853315055,4.255250189453363
uncorrelated,0.000944985414355561,1,3,পরীক্ষার ফলাফল,over_fetch,0.0,0.0,0,100,-1.0,4.736231989227235,4.8810014966875315
uncorrelated,0.000944985414355561,1,3,পরীক্ষার ফলাফল,iterative,0.2,0.2,2,1280,-1.0,54.99366798903793,55.15375641989522
uncorrelated,0.000944985414355561,1,4,নির্বাচন কমিশন,pre_filter,1.0,1.0,10,10,0.8273208453770787,130.68700896110386,149.00449839187786
uncorrelated,0.000944985414355561,1,4,নির্বাচন কমিশন,post_filter,0.0,0.0,0,10,0.8273208453770787,6.696499011013657,6.8938203796278685
uncorrelated,0.000944985414355561,1,4,নির্বাচন কমিশন,over_fetch,0.0,0.0,0,100,0.8273208453770787,6.458337011281401,8.025436801835895
uncorrelated,0.000944985414355561,1,4,নির্বাচন কমিশন,iterative,0.4,0.4,4,1280,0.8273208453770787,42.2766319825314,44.84554878436029
uncorrelated,0.000944985414355561,1,5,রাজনৈতিক দল,pre_filter,1.0,1.0,10,10,-1.0,126.05354294646531,131.43361250404269
uncorrelated,0.000944985414355561,1,5,রাজনৈতিক দল,post_filter,0.0,0.0,0,10,-1.0,3.1907499651424587,3.2276572135742754
uncorrelated,0.000944985414355561,1,5,রাজনৈতিক দল,over_fetch,0.0,0.0,0,100,-1.0,3.528189961798489,3.536829084623605
uncorrelated,0.000944985414355561,1,5,রাজনৈতিক দল,iterative,0.5,0.5,5,1280,-1.0,39.587853010743856,42.495055514154956
uncorrelated,0.000944985414355561,1,6,সংসদ নির্বাচন,pre_filter,1.0,1.0,10,10,0.8273208453770787,124.39628900028765,132.05693783820607
uncorrelated,0.000944985414355561,1,6,সংসদ নির্বাচন,post_filter,0.0,0.0,0,10,0.8273208453770787,3.217821998987347,3.2539264182560146
uncorrelated,0.000944985414355561,1,6,সংসদ নির্বাচন,over_fetch,0.1,0.1,1,100,0.8273208453770787,3.5641190479509532,3.5961031855549663
uncorrelated,0.000944985414355561,1,6,সংসদ নির্বাচন,iterative,0.4,0.4,4,1280,0.8273208453770787,42.47492802096531,42.47746061300859
uncorrelated,0.000944985414355561,1,7,মন্ত্রিসভার সিদ্ধান্ত,pre_filter,1.0,1.0,10,10,-1.0,127.66268401173875,127.88161979406141
uncorrelated,0.000944985414355561,1,7,মন্ত্রিসভার সিদ্ধান্ত,post_filter,0.0,0.0,0,10,-1.0,3.355743014253676,3.4065371903125197
uncorrelated,0.000944985414355561,1,7,মন্ত্রিসভার সিদ্ধান্ত,over_fetch,0.0,0.0,0,100,-1.0,5.505550012458116,5.692447593901306
uncorrelated,0.000944985414355561,1,7,মন্ত্রিসভার সিদ্ধান্ত,iterative,0.6,0.6,6,1280,-1.0,69.19422600185499,70.3288848104421
uncorrelated,0.000944985414355561,1,8,কৃত্রিম বুদ্ধিমত্তা,pre_filter,1.0,1.0,10,10,-1.0,124.35365899000317,130.98054167348891
uncorrelated,0.000944985414355561,1,8,কৃত্রিম বুদ্ধিমত্তা,post_filter,0.0,0.0,0,10,-1.0,5.107004952151328,5.123848491348326
uncorrelated,0.000944985414355561,1,8,কৃত্রিম বুদ্ধিমত্তা,over_fetch,0.0,0.0,0,100,-1.0,5.06854202831164,5.146981502184644
uncorrelated,0.000944985414355561,1,8,কৃত্রিম বুদ্ধিমত্তা,iterative,0.4,0.4,4,1280,-1.0,51.09382199589163,52.10591071518138
uncorrelated,0.000944985414355561,1,9,তথ্য প্রযুক্তি,pre_filter,1.0,1.0,10,10,-1.0,127.59077799273655,135.08278838708065
uncorrelated,0.000944985414355561,1,9,তথ্য প্রযুক্তি,post_filter,0.0,0.0,0,10,-1.0,3.972572972998023,4.13753223256208
uncorrelated,0.000944985414355561,1,9,তথ্য প্রযুক্তি,over_fetch,0.0,0.0,0,100,-1.0,4.209052014630288,4.2774015630129725
uncorrelated,0.000944985414355561,1,9,তথ্য প্রযুক্তি,iterative,0.0,0.0,0,1280,-1.0,47.6478980272077,48.18695749854669
uncorrelated,0.000944985414355561,1,10,মোবাইল ইন্টারনেট,pre_filter,1.0,1.0,10,10,-1.0,128.64960602018982,134.20830483082682
uncorrelated,0.000944985414355561,1,10,মোবাইল ইন্টারনেট,post_filter,0.0,0.0,0,10,-1.0,3.7774330121465027,3.8080366502981633
uncorrelated,0.000944985414355561,1,10,মোবাইল ইন্টারনেট,over_fetch,0.0,0.0,0,100,-1.0,3.8711410015821457,3.87178179807961
uncorrelated,0.000944985414355561,1,10,মোবাইল ইন্টারনেট,iterative,0.0,0.0,0,1280,-1.0,43.896253046114,45.29000826878473
uncorrelated,0.000944985414355561,1,11,সাইবার নিরাপত্তা,pre_filter,1.0,1.0,10,10,-1.0,125.70925999898463,127.48521381872706
uncorrelated,0.000944985414355561,1,11,সাইবার নিরাপত্তা,post_filter,0.0,0.0,0,10,-1.0,3.4073409624397755,3.4229587006848305
uncorrelated,0.000944985414355561,1,11,সাইবার নিরাপত্তা,over_fetch,0.0,0.0,0,100,-1.0,3.807300003245473,3.8717093761079013
uncorrelated,0.000944985414355561,1,11,সাইবার নিরাপত্তা,iterative,0.0,0.0,0,1280,-1.0,54.59390999749303,55.36103943013586
uncorrelated,0.000944985414355561,1,12,বাংলাদেশ ক্রিকেট দল,pre_filter,1.0,1.0,10,10,-1.0,127.85355601226911,128.73370650340803
uncorrelated,0.000944985414355561,1,12,বাংলাদেশ ক্রিকেট দল,post_filter,0.0,0.0,0,10,-1.0,3.323061973787844,3.374928090488538
uncorrelated,0.000944985414355561,1,12,বাংলাদেশ ক্রিকেট দল,over_fetch,0.0,0.0,0,100,-1.0,3.6648589884862304,3.6911084374878556
uncorrelated,0.000944985414355561,1,12,বাংলাদেশ ক্রিকেট দল,iterative,0.0,0.0,0,1280,-1.0,42.722676997072995,58.12286409782246
uncorrelated,0.000944985414355561,1,13,ফুটবল ম্যাচ,pre_filter,1.0,1.0,10,10,-1.0,132.9550999798812,152.80312487739138
uncorrelated,0.000944985414355561,1,13,ফুটবল ম্যাচ,post_filter,0.0,0.0,0,10,-1.0,3.7673439946956933,3.8650543021503836
uncorrelated,0.000944985414355561,1,13,ফুটবল ম্যাচ,over_fetch,0.0,0.0,0,100,-1.0,4.301346023567021,4.73540251259692
uncorrelated,0.000944985414355561,1,13,ফুটবল ম্যাচ,iterative,0.1,0.1,1,1280,-1.0,46.59334704047069,46.71397760976106
uncorrelated,0.000944985414355561,1,14,বিশ্বকাপ ক্রিকেট,pre_filter,1.0,1.0,10,10,-1.0,129.2579279979691,133.0939206003677
uncorrelated,0.000944985414355561,1,14,বিশ্বকাপ ক্রিকেট,post_filter,0.0,0.0,0,10,-1.0,3.4535489976406097,3.4898153971880674
uncorrelated,0.000944985414355561,1,14,বিশ্বকাপ ক্রিকেট,over_fetch,0.0,0.0,0,100,-1.0,3.791059018112719,3.8332690251991153
uncorrelated,0.000944985414355561,1,14,বিশ্বকাপ ক্রিকেট,iterative,0.1,0.1,1,1280,-1.0,43.9209999749437,46.03664624155499
uncorrelated,0.000944985414355561,1,15,খেলোয়াড় নির্বাচন,pre_filter,1.0,1.0,10,10,0.8273208453770787,126.32220104569569,129.81005114270374
uncorrelated,0.000944985414355561,1,15,খেলোয়াড় নির্বাচন,post_filter,0.0,0.0,0,10,0.8273208453770787,3.5554220085032284,3.6072529735974967
uncorrelated,0.000944985414355561,1,15,খেলোয়াড় নির্বাচন,over_fetch,0.1,0.1,1,100,0.8273208453770787,3.7524959770962596,3.7847682426217943
uncorrelated,0.000944985414355561,1,15,খেলোয়াড় নির্বাচন,iterative,0.2,0.2,2,1280,0.8273208453770787,45.3504910110496,45.904140442144126
uncorrelated,0.000944985414355561,1,16,শেয়ার বাজার,pre_filter,1.0,1.0,10,10,0.8273208453770787,126.07381999259815,133.44337905873545
uncorrelated,0.000944985414355561,1,16,শেয়ার বাজার,post_filter,0.0,0.0,0,10,0.8273208453770787,3.712400037329644,3.8170889078173786
uncorrelated,0.000944985414355561,1,16,শেয়ার বাজার,over_fetch,0.1,0.1,1,100,0.8273208453770787,4.071059986017644,4.123962944140658
uncorrelated,0.000944985414355561,1,16,শেয়ার বাজার,iterative,0.3,0.3,3,1280,0.8273208453770787,47.96749301021919,61.41953654005192
uncorrelated,0.000944985414355561,1,17,ব্যাংক ঋণ,pre_filter,1.0,1.0,10,10,-1.0,123.60208301106468,130.62716083950363
uncorrelated,0.000944985414355561,1,17,ব্যাংক ঋণ,post_filter,0.0,0.0,0,10,-1.0,3.636696026660502,3.667697438504547
uncorrelated,0.000944985414355561,1,17,ব্যাংক ঋণ,over_fetch,0.0,0.0,0,100,-1.0,3.998161992058158,4.161858465522528
uncorrelated,0.000944985414355561,1,17,ব্যাংক ঋণ,iterative,0.2,0.2,2,1280,-1.0,42.61789796873927,43.1510616093874
uncorrelated,0.000944985414355561,1,18,অর্থনৈতিক প্রবৃদ্ধি,pre_filter,1.0,1.0,10,10,-1.0,125.05848502041772,129.31708071264438
uncorrelated,0.000944985414355561,1,18,অর্থনৈতিক প্রবৃদ্ধি,post_filter,0.0,0.0,0,10,-1.0,3.6406840081326663,3.9176625839900225
uncorrelated,0.000944985414355561,1,18,অর্থনৈতিক প্রবৃদ্ধি,over_fetch,0.0,0.0,0,100,-1.0,3.835722978692502,4.1900412703398615
uncorrelated,0.000944985414355561,1,18,অর্থনৈতিক প্রবৃদ্ধি,iterative,0.3,0.3,3,1280,-1.0,47.08460904657841,54.508251819061115
uncorrelated,0.000944985414355561,1,19,বিনিয়োগ বাজার,pre_filter,1.0,1.0,10,10,-1.0,130.7776310131885,132.09992537740618
uncorrelated,0.000944985414355561,1,19,বিনিয়োগ বাজার,post_filter,0.0,0.0,0,10,-1.0,3.4187130513601005,3.427478112280369
uncorrelated,0.000944985414355561,1,19,বিনিয়োগ বাজার,over_fetch,0.0,0.0,0,100,-1.0,3.630354010965675,3.7588388950098306
uncorrelated,0.000944985414355561,1,19,বিনিয়োগ বাজার,iterative,0.3,0.3,3,1280,-1.0,41.24773002695292,41.47641370072961
correlated,1.0,1000,0,বিশ্ববিদ্যালয় ভর্তি,pre_filter,1.0,1.0,10,10,0.0,3108.902537962422,3206.429287500214
correlated,1.0,1000,0,বিশ্ববিদ্যালয় ভর্তি,post_filter,1.0,1.0,10,10,0.0,4.835299972910434,4.93855428067036
correlated,1.0,1000,0,বিশ্ববিদ্যালয় ভর্তি,over_fetch,1.0,1.0,10,100,0.0,5.150076991412789,5.322600709041581
correlated,1.0,1000,0,বিশ্ববিদ্যালয় ভর্তি,iterative,1.0,1.0,10,10,0.0,4.6865170006640255,4.851638188119978
correlated,1.0,1000,1,শিক্ষা নীতি পরিবর্তন,pre_filter,1.0,1.0,10,10,0.0,3037.7925609936938,3169.770097284345
correlated,1.0,1000,1,শিক্ষা নীতি পরিবর্তন,post_filter,1.0,1.0,10,10,0.0,4.729609005153179,4.806227772496641
correlated,1.0,1000,1,শিক্ষা নীতি পরিবর্তন,over_fetch,1.0,1.0,10,100,0.0,4.319901985581964,4.7611630347091705
correlated,1.0,1000,1,শিক্ষা নীতি পরিবর্তন,iterative,1.0,1.0,10,10,0.0,4.092201008461416,4.4334882171824574
correlated,1.0,1000,2,স্কুল শিক্ষার্থী,pre_filter,1.0,1.0,10,10,0.0,2990.064528014045,3046.2445566197857
correlated,1.0,1000,2,স্কুল শিক্ষার্থী,post_filter,1.0,1.0,10,10,0.0,4.762943019159138,4.871796228690073
correlated,1.0,1000,2,স্কুল শিক্ষার্থী,over_fetch,1.0,1.0,10,100,0.0,4.356099991127849,4.698407801333815
correlated,1.0,1000,2,স্কুল শিক্ষার্থী,iterative,1.0,1.0,10,10,0.0,4.137226031161845,4.336512117879465
correlated,1.0,1000,3,পরীক্ষার ফলাফল,pre_filter,0.9,1.0,10,10,0.0,2995.3383450047113,3042.6875493256375
correlated,1.0,1000,3,পরীক্ষার ফলাফল,post_filter,0.9,1.0,10,10,0.0,4.556100000627339,4.936674918280914
correlated,1.0,1000,3,পরীক্ষার ফলাফল,over_fetch,0.9,1.0,10,100,0.0,4.543937044218183,4.683657502755523
correlated,1.0,1000,3,পরীক্ষার ফলাফল,iterative,0.9,1.0,10,10,0.0,4.103342012967914,4.372122511267662
correlated,1.0,1000,4,নির্বাচন কমিশন,pre_filter,0.9,1.0,10,10,0.0,3011.1060500494204,3134.376989037264
correlated,1.0,1000,4,নির্বাচন কমিশন,post_filter,0.9,1.0,10,10,0.0,4.1503600077703595,5.18315234221518
correlated,1.0,1000,4,নির্বাচন কমিশন,over_fetch,0.9,1.0,10,100,0.0,4.59462299477309,4.904351709410548
correlated,1.0,1000,4,নির্বাচন কমিশন,iterative,0.9,1.0,10,10,0.0,4.211516992654651,4.538504098309204
correlated,1.0,1000,5,রাজনৈতিক দল,pre_filter,1.0,1.0,10,10,0.0,3016.96802303195,3077.919059578562
correlated,1.0,1000,5,রাজনৈতিক দল,post_filter,1.0,1.0,10,10,0.0,4.032225988339633,4.695866210386157
correlated,1.0,1000,5,রাজনৈতিক দল,over_fetch,1.0,1.0,10,100,0.0,4.202188982162625,4.511204920709133
correlated,1.0,1000,5,রাজনৈতিক দল,iterative,1.0,1.0,10,10,0.0,3.892952052410692,4.173789813648909
correlated,1.0,1000,6,সংসদ নির্বাচন,pre_filter,0.9,1.0,10,10,0.0,3011.3227000110783,3055.876173073193
correlated,1.0,1000,6,সংসদ নির্বাচন,post_filter,0.9,1.0,10,10,0.0,3.9972499944269657,4.504219087539241
correlated,1.0,1000,6,সংসদ নির্বাচন,over_fetch,0.9,1.0,10,100,0.0,4.4769299565814435,4.6088313043583184
correlated,1.0,1000,6,সংসদ নির্বাচন,iterative,0.9,1.0,10,10,0.0,4.351240990217775,4.423513688379899
correlated,1.0,1000,7,মন্ত্রিসভার সিদ্ধান্ত,pre_filter,1.0,1.0,10,10,0.0,3097.2643529530615,3115.327262086794
correlated,1.0,1000,7,মন্ত্রিসভার সিদ্ধান্ত,post_filter,1.0,1.0,10,10,0.0,5.026412021834403,5.082615197170526
correlated,1.0,1000,7,মন্ত্রিসভার সিদ্ধান্ত,over_fetch,1.0,1.0,10,100,0.0,4.45732194930315,4.822965920902789
correlated,1.0,1000,7,মন্ত্রিসভার সিদ্ধান্ত,iterative,1.0,1.0,10,10,0.0,4.318418970797211,4.556010878877714
correlated,1.0,1000,8,কৃত্রিম বুদ্ধিমত্তা,pre_filter,0.9,1.0,10,10,0.0,2979.86049100291,3073.910387500655
correlated,1.0,1000,8,কৃত্রিম বুদ্ধিমত্তা,post_filter,0.9,1.0,10,10,0.0,4.803129006177187,4.96357015799731
correlated,1.0,1000,8,কৃত্রিম বুদ্ধিমত্তা,over_fetch,0.9,1.0,10,100,0.0,4.35483903856948,4.5971009763889015
correlated,1.0,1000,8,কৃত্রিম বুদ্ধিমত্তা,iterative,0.9,1.0,10,10,0.0,4.056482983287424,4.278420325135812
correlated,1.0,1000,9,তথ্য প্রযুক্তি,pre_filter,0.9,1.0,10,10,0.0,3003.485605993774,3074.1352667391766
correlated,1.0,1000,9,তথ্য প্রযুক্তি,post_filter,0.9,1.0,10,10,0.0,4.346892994362861,4.9022928811609745
correlated,1.0,1000,9,তথ্য প্রযুক্তি,over_fetch,0.9,1.0,10,100,0.0,4.712808004114777,4.802446172107011
correlated,1.0,1000,9,তথ্য প্রযুক্তি,iterative,0.9,1.0,10,10,0.0,4.251812992151827,4.444922402035445
correlated,1.0,1000,10,মোবাইল ইন্টারনেট,pre_filter,1.0,1.0,10,10,0.0,3087.9350370378233,3225.3483392705675
correlated,1.0,1000,10,মোবাইল ইন্টারনেট,post_filter,1.0,1.0,10,10,0.0,4.568644042592496,6.484687281772494
correlated,1.0,1000,10,মোবাইল ইন্টারনেট,over_fetch,1.0,1.0,10,100,0.0,4.581257002428174,4.969741136301309
correlated,1.0,1000,10,মোবাইল ইন্টারনেট,iterative,1.0,1.0,10,10,0.0,4.284895956516266,4.67181948479265
correlated,1.0,1000,11,সাইবার নিরাপত্তা,pre_filter,0.9,1.0,10,10,0.0,3064.883970946539,3138.1315726146568
correlated,1.0,1000,11,সাইবার নিরাপত্তা,post_filter,0.9,1.0,10,10,0.0,4.311194992624223,4.964403255144134
correlated,1.0,1000,11,সাইবার নিরাপত্তা,over_fetch,0.9,1.0,10,100,0.0,4.801815026439726,5.1931584370322526
correlated,1.0,1000,11,সাইবার নিরাপত্তা,iterative,0.9,1.0,10,10,0.0,4.4423340004868805,4.6732713060919195
correlated,1.0,1000,12,বাংলাদেশ ক্রিকেট দল,pre_filter,1.0,1.0,10,10,0.0,3153.659144008998,3201.4733854855876
correlated,1.0,1000,12,বাংলাদেশ ক্রিকেট দল,post_filter,1.0,1.0,10,10,0.0,4.953794006723911,5.3365343366749585
correlated,1.0,1000,12,বাংলাদেশ ক্রিকেট দল,over_fetch,1.0,1.0,10,100,0.0,4.737713956274092,5.278947012266144
correlated,1.0,1000,12,বাংলাদেশ ক্রিকেট দল,iterative,1.0,1.0,10,10,0.0,4.368333029560745,4.577439930289984
correlated,1.0,1000,13,ফুটবল ম্যাচ,pre_filter,1.0,1.0,10,10,0.0,3153.5663030226715,3161.469576472882
correlated,1.0,1000,13,ফুটবল ম্যাচ,post_filter,1.0,1.0,10,10,0.0,4.203431017231196,4.8814270820003
correlated,1.0,1000,13,ফুটবল ম্যাচ,over_fetch,1.0,1.0,10,100,0.0,4.378353012725711,5.230874445987865
correlated,1.0,1000,13,ফুটবল ম্যাচ,iterative,1.0,1.0,10,10,0.0,4.3929400271736085,4.616933816578239
correlated,1.0,1000,14,বিশ্বকাপ ক্রিকেট,pre_filter,1.0,1.0,10,10,0.0,3117.062256031204,3262.173154792981
correlated,1.0,1000,14,বিশ্বকাপ ক্রিকেট,post_filter,1.0,1.0,10,10,0.0,4.710863984655589,5.18108697142452
correlated,1.0,1000,14,বিশ্বকাপ ক্রিকেট,over_fetch,1.0,1.0,10,100,0.0,5.2267819992266595,5.238044605357572
correlated,1.0,1000,14,বিশ্বকাপ ক্রিকেট,iterative,1.0,1.0,10,10,0.0,4.662612045649439,4.734820779412985
correlated,1.0,1000,15,খেলোয়াড় নির্বাচন,pre_filter,0.9,1.0,10,10,0.0,3170.266884029843,3330.470841296483
correlated,1.0,1000,15,খেলোয়াড় নির্বাচন,post_filter,0.9,1.0,10,10,0.0,4.30798897286877,4.85802402254194
correlated,1.0,1000,15,খেলোয়াড় নির্বাচন,over_fetch,0.9,1.0,10,100,0.0,4.988098982721567,5.1268636947497725
correlated,1.0,1000,15,খেলোয়াড় নির্বাচন,iterative,0.9,1.0,10,10,0.0,4.323047993239015,4.722595767816529
correlated,1.0,1000,16,শেয়ার বাজার,pre_filter,0.9,1.0,10,10,0.0,3158.633771003224,3387.005625513848
correlated,1.0,1000,16,শেয়ার বাজার,post_filter,0.9,1.0,10,10,0.0,4.187149985227734,4.846669977996498
correlated,1.0,1000,16,শেয়ার বাজার,over_fetch,0.9,1.0,10,100,0.0,4.931941977702081,4.939165397081524
correlated,1.0,1000,16,শেয়ার বাজার,iterative,0.9,1.0,10,10,0.0,4.191489017102867,4.706229601288214
correlated,1.0,1000,17,ব্যাংক ঋণ,pre_filter,1.0,1.0,10,10,0.0,3287.603254953865,3326.442849478917
correlated,1.0,1000,17,ব্যাংক ঋণ,post_filter,1.0,1.0,10,10,0.0,5.057029949966818,5.279635067563504
correlated,1.0,1000,17,ব্যাংক ঋণ,over_fetch,1.0,1.0,10,100,0.0,4.768632992636412,4.791897069662809
correlated,1.0,1000,17,ব্যাংক ঋণ,iterative,1.0,1.0,10,10,0.0,4.160049022175372,4.5546009205281734
correlated,1.0,1000,18,অর্থনৈতিক প্রবৃদ্ধি,pre_filter,1.0,1.0,10,10,0.0,3300.73503497988,3307.944501162274
correlated,1.0,1000,18,অর্থনৈতিক প্রবৃদ্ধি,post_filter,1.0,1.0,10,10,0.0,4.534879990387708,5.222127214074135
correlated,1.0,1000,18,অর্থনৈতিক প্রবৃদ্ধি,over_fetch,1.0,1.0,10,100,0.0,5.420649016741663,5.445635679643601
correlated,1.0,1000,18,অর্থনৈতিক প্রবৃদ্ধি,iterative,1.0,1.0,10,10,0.0,4.486397956497967,4.756000195629895
correlated,1.0,1000,19,বিনিয়োগ বাজার,pre_filter,1.0,1.0,10,10,0.0,3158.014915010426,3308.29576117103
correlated,1.0,1000,19,বিনিয়োগ বাজার,post_filter,1.0,1.0,10,10,0.0,4.229540994856507,4.8169323010370135
correlated,1.0,1000,19,বিনিয়োগ বাজার,over_fetch,1.0,1.0,10,100,0.0,4.561570996884257,4.942641808884218
correlated,1.0,1000,19,বিনিয়োগ বাজার,iterative,1.0,1.0,10,10,0.0,4.115334013476968,4.548587673343718
correlated,0.5,500,0,বিশ্ববিদ্যালয় ভর্তি,pre_filter,1.0,1.0,10,10,0.03846153846153849,1978.8896170211956,2044.6329826081637
correlated,0.5,500,0,বিশ্ববিদ্যালয় ভর্তি,post_filter,0.3,0.3,3,10,0.03846153846153849,4.433427006006241,4.889521771110594
correlated,0.5,500,0,বিশ্ববিদ্যালয় ভর্তি,over_fetch,1.0,1.0,10,100,0.03846153846153849,4.610853968188167,4.915829777019098
correlated,0.5,500,0,বিশ্ববিদ্যালয় ভর্তি,iterative,1.0,1.0,10,40,0.03846153846153849,13.22405698010698,13.259386492427438
correlated,0.5,500,1,শিক্ষা নীতি পরিবর্তন,pre_filter,1.0,1.0,10,10,-0.8518518518518519,1991.6201689629816,2026.1343517689966
correlated,0.5,500,1,শিক্ষা নীতি পরিবর্তন,post_filter,0.0,0.0,0,10,-0.8518518518518519,4.5364220277406275,4.7734279884025455
correlated,0.5,500,1,শিক্ষা নীতি পরিবর্তন,over_fetch,0.3,0.3,3,100,-0.8518518518518519,4.798788984771818,5.020295234862715
correlated,0.5,500,1,শিক্ষা নীতি পরিবর্তন,iterative,1.0,1.0,10,320,-0.8518518518518519,28.805905021727085,29.612574982456863
correlated,0.5,500,2,স্কুল শিক্ষার্থী,pre_filter,1.0,1.0,10,10,0.01960784313725492,1983.947756991256,1987.102082412457
correlated,0.5,500,2,স্কুল শিক্ষার্থী,post_filter,0.3,0.3,3,10,0.01960784313725492,4.498651018366218,5.204672185936943
correlated,0.5,500,2,স্কুল শিক্ষার্থী,over_fetch,0.9,1.0,10,100,0.01960784313725492,5.020831013098359,5.087611940689385
correlated,0.5,500,2,স্কুল শিক্ষার্থী,iterative,0.9,1.0,10,40,0.01960784313725492,13.52688204497099,14.788589288946241
correlated,0.5,500,3,পরীক্ষার ফলাফল,pre_filter,1.0,1.0,10,10,0.01960784313725492,2003.3347690477967,2027.899233077187
correlated,0.5,500,3,পরীক্ষার ফলাফল,post_filter,0.1,0.1,1,10,0.01960784313725492,4.45165199926123,5.005743313813582
correlated,0.5,500,3,পরীক্ষার ফলাফল,over_fetch,1.0,1.0,10,100,0.01960784313725492,4.611094016581774,4.832364368485287
correlated,0.5,500,3,পরীক্ষার ফলাফল,iterative,1.0,1.0,10,40,0.01960784313725492,12.944116024300456,12.96829991042614
correlated,0.5,500,4,নির্বাচন কমিশন,pre_filter,0.9,1.0,10,10,-0.6666666666666667,1986.7877500364557,1993.3874545036815
correlated,0.5,500,4,নির্বাচন কমিশন,post_filter,0.0,0.0,0,10,-0.6666666666666667,4.337265039794147,4.907848796574399
correlated,0.5,500,4,নির্বাচন কমিশন,over_fetch,0.5,0.5,5,100,-0.6666666666666667,4.841240006498992,5.448541999794543
correlated,0.5,500,4,নির্বাচন কমিশন,iterative,0.7,1.0,10,320,-0.6666666666666667,32.017354969866574,34.790085814893246
correlated,0.5,500,5,রাজনৈতিক দল,pre_filter,1.0,1.0,10,10,-0.639344262295082,1985.3688080329448,1989.4410650071222
correlated,0.5,500,5,রাজনৈতিক দল,post_filter,0.0,0.0,0,10,-0.639344262295082,4.257654014509171,5.205459299031645
correlated,0.5,500,5,রাজনৈতিক দল,over_fetch,0.9,1.0,10,100,-0.639344262295082,4.595023987349123,5.044408410321921
correlated,0.5,500,5,রাজনৈতিক দল,iterative,1.0,1.0,10,160,-0.639344262295082,23.349779017735273,23.60831662081182
correlated,0.5,500,6,সংসদ নির্বাচন,pre_filter,1.0,1.0,10,10,-0.5625,2016.641159018036,2030.3310454939492
correlated,0.5,500,6,সংসদ নির্বাচন,post_filter,0.2,0.2,2,10,-0.5625,4.235242027789354,4.997096519218758
correlated,0.5,500,6,সংসদ নির্বাচন,over_fetch,0.9,1.0,10,100,-0.5625,4.788199032191187,5.083167739212513
correlated,0.5,500,6,সংসদ নির্বাচন,iterative,0.9,1.0,10,80,-0.5625,18.042955023702234,19.258901791181415
correlated,0.5,500,7,মন্ত্রিসভার সিদ্ধান্ত,pre_filter,1.0,1.0,10,10,-0.36986301369863017,2003.4464669879526,2004.0039036248345
correlated,0.5,500,7,মন্ত্রিসভার সিদ্ধান্ত,post_filter,0.0,0.0,0,10,-0.36986301369863017,4.697447991929948,5.723404779564589
correlated,0.5,500,7,মন্ত্রিসভার সিদ্ধান্ত,over_fetch,0.6,1.0,10,100,-0.36986301369863017,5.340627045370638,5.829435016494244
correlated,0.5,500,7,মন্ত্রিসভার সিদ্ধান্ত,iterative,0.6,1.0,10,80,-0.36986301369863017,18.81535997381434,19.046053366037086
correlated,0.5,500,8,কৃত্রিম বুদ্ধিমত্তা,pre_filter,1.0,1.0,10,10,0.17355371900826444,1974.4284069747664,1982.0275318052154
correlated,0.5,500,8,কৃত্রিম বুদ্ধিমত্তা,post_filter,0.7,0.7,7,10,0.17355371900826444,4.477882001083344,5.581908411113545
correlated,0.5,500,8,কৃত্রিম বুদ্ধিমত্তা,over_fetch,1.0,1.0,10,100,0.17355371900826444,4.8785010003484786,5.057229317026213
correlated,0.5,500,8,কৃত্রিম বুদ্ধিমত্তা,iterative,1.0,1.0,10,20,0.17355371900826444,9.409764024894685,9.635489410720766
correlated,0.5,500,9,তথ্য প্রযুক্তি,pre_filter,0.9,1.0,10,10,0.00990099009900991,1990.5647459672764,2030.6372037215624
correlated,0.5,500,9,তথ্য প্রযুক্তি,post_filter,0.5,0.5,5,10,0.00990099009900991,4.775616049300879,5.920111807063222
correlated,0.5,500,9,তথ্য প্রযুক্তি,over_fetch,0.8,1.0,10,100,0.00990099009900991,4.70118602970615,5.0739165337290615
correlated,0.5,500,9,তথ্য প্রযুক্তি,iterative,0.8,1.0,10,20,0.00990099009900991,9.078325994778425,9.216305008158088
correlated,0.5,500,10,মোবাইল ইন্টারনেট,pre_filter,1.0,1.0,10,10,-0.38888888888888895,1965.081149013713,1973.0707225913648
correlated,0.5,500,10,মোবাইল ইন্টারনেট,post_filter,0.2,0.2,2,10,-0.38888888888888895,4.300425003748387,4.8113604134414345
correlated,0.5,500,10,মোবাইল ইন্টারনেট,over_fetch,1.0,1.0,10,100,-0.38888888888888895,5.127904005348682,5.154125479748473
correlated,0.5,500,10,মোবাইল ইন্টারনেট,iterative,1.0,1.0,10,80,-0.38888888888888895,17.59038702584803,17.782505485229194
correlated,0.5,500,11,সাইবার নিরাপত্তা,pre_filter,1.0,1.0,10,10,-1.0,1966.1776380380616,1970.2452690398786
correlated,0.5,500,11,সাইবার নিরাপত্তা,post_filter,0.0,0.0,0,10,-1.0,4.3121479684486985,4.892568779177964
correlated,0.5,500,11,সাইবার নিরাপত্তা,over_fetch,0.0,0.0,0,100,-1.0,4.507426987402141,4.904784151585773
correlated,0.5,500,11,সাইবার নিরাপত্তা,iterative,0.8,1.0,10,1280,-1.0,50.68846105132252,51.28560920711607
correlated,0.5,500,12,বাংলাদেশ ক্রিকেট দল,pre_filter,1.0,1.0,10,10,0.3333333333333333,1990.6226110178977,2015.060329879634
correlated,0.5,500,12,বাংলাদেশ ক্রিকেট দল,post_filter,1.0,1.0,10,10,0.3333333333333333,4.472761007491499,5.402271111961454
correlated,0.5,500,12,বাংলাদেশ ক্রিকেট দল,over_fetch,1.0,1.0,10,100,0.3333333333333333,4.663594008889049,5.081806919770315
correlated,0.5,500,12,বাংলাদেশ ক্রিকেট দল,iterative,1.0,1.0,10,10,0.3333333333333333,4.352232965175062,4.618083988316357
correlated,0.5,500,13,ফুটবল ম্যাচ,pre_filter,0.9,1.0,10,10,0.2125984251968504,1984.5245680189691,2017.1064201858826
correlated,0.5,500,13,ফুটবল ম্যাচ,post_filter,0.9,0.9,9,10,0.2125984251968504,4.285826988052577,5.0192504830192775
correlated,0.5,500,13,ফুটবল ম্যাচ,over_fetch,0.9,1.0,10,100,0.2125984251968504,4.694351984653622,5.056459788465872
correlated,0.5,500,13,ফুটবল ম্যাচ,iterative,0.9,1.0,10,20,0.2125984251968504,9.441093017812818,9.507306019077078
correlated,0.5,500,14,বিশ্বকাপ ক্রিকেট,pre_filter,1.0,1.0,10,10,0.3333333333333333,2014.6198559668846,2017.1987367037218
correlated,0.5,500,14,বিশ্বকাপ ক্রিকেট,post_filter,1.0,1.0,10,10,0.3333333333333333,4.178925009910017,4.6315466810483485
correlated,0.5,500,14,বিশ্বকাপ ক্রিকেট,over_fetch,1.0,1.0,10,100,0.3333333333333333,4.36305400216952,4.646668321220204
correlated,0.5,500,14,বিশ্বকাপ ক্রিকেট,iterative,1.0,1.0,10,10,0.3333333333333333,4.126165003981441,4.358833015430719
correlated,0.5,500,15,খেলোয়াড় নির্বাচন,pre_filter,0.8,1.0,10,10,0.08256880733944952,2021.3217139826156,2124.8575348756276
correlated,0.5,500,15,খেলোয়াড় নির্বাচন,post_filter,0.5,0.5,5,10,0.08256880733944952,5.055687972344458,5.851780285593122
correlated,0.5,500,15,খেলোয়াড় নির্বাচন,over_fetch,0.8,1.0,10,100,0.08256880733944952,4.682719998527318,4.991131968563423
correlated,0.5,500,15,খেলোয়াড় নির্বাচন,iterative,0.8,1.0,10,40,0.08256880733944952,13.326822023373097,13.491491426248103
correlated,0.5,500,16,শেয়ার বাজার,pre_filter,0.9,1.0,10,10,0.2537313432835821,2045.193130034022,2161.207985470537
correlated,0.5,500,16,শেয়ার বাজার,post_filter,0.7,0.7,7,10,0.2537313432835821,4.41406003665179,5.12541911448352
correlated,0.5,500,16,শেয়ার বাজার,over_fetch,0.8,1.0,10,100,0.2537313432835821,4.692248010542244,5.148846842348576
correlated,0.5,500,16,শেয়ার বাজার,iterative,0.8,1.0,10,20,0.2537313432835821,9.583814011421055,9.766085620503873
correlated,0.5,500,17,ব্যাংক ঋণ,pre_filter,1.0,1.0,10,10,-0.515151515151515,2077.825059997849,2173.4993853606284
correlated,0.5,500,17,ব্যাংক ঋণ,post_filter,0.0,0.0,0,10,-0.515151515151515,4.656149016227573,5.337490403326228
correlated,0.5,500,17,ব্যাংক ঋণ,over_fetch,0.9,1.0,10,100,-0.515151515151515,4.975273972377181,5.408898531459272
correlated,0.5,500,17,ব্যাংক ঋণ,iterative,0.9,1.0,10,80,-0.515151515151515,21.36407297803089,21.619636105606332
correlated,0.5,500,18,অর্থনৈতিক প্রবৃদ্ধি,pre_filter,1.0,1.0,10,10,-0.8867924528301886,2032.7476270031184,2148.5174340952653
correlated,0.5,500,18,অর্থনৈতিক প্রবৃদ্ধি,post_filter,0.0,0.0,0,10,-0.8867924528301886,4.428268002811819,5.223792389733717
correlated,0.5,500,18,অর্থনৈতিক প্রবৃদ্ধি,over_fetch,0.3,0.3,3,100,-0.8867924528301886,4.913557029794902,5.411914869910106
correlated,0.5,500,18,অর্থনৈতিক প্রবৃদ্ধি,iterative,1.0,1.0,10,320,-0.8867924528301886,30.695358000230044,30.980325944256037
correlated,0.5,500,19,বিনিয়োগ বাজার,pre_filter,1.0,1.0,10,10,-0.7241379310344828,2027.3294509970583,2143.3001596829854
correlated,0.5,500,19,বিনিয়োগ বাজার,post_filter,0.0,0.0,0,10,-0.7241379310344828,4.856068990193307,5.268790078116581
correlated,0.5,500,19,বিনিয়োগ বাজার,over_fetch,0.8,0.8,8,100,-0.7241379310344828,4.654286021832377,5.301668599713594
correlated,0.5,500,19,বিনিয়োগ বাজার,iterative,1.0,1.0,10,160,-0.7241379310344828,23.795995046384633,24.24663314013742
correlated,0.20000821726447265,200,0,বিশ্ববিদ্যালয় ভর্তি,pre_filter,1.0,1.0,10,10,-0.4814972617560367,992.0463100424968,1030.2494146395475
correlated,0.20000821726447265,200,0,বিশ্ববিদ্যালয় ভর্তি,post_filter,0.2,0.2,2,10,-0.4814972617560367,5.227573041338474,5.242171906866133
correlated,0.20000821726447265,200,0,বিশ্ববিদ্যালয় ভর্তি,over_fetch,0.7,0.7,7,100,-0.4814972617560367,4.908488015644252,5.365898582385853
correlated,0.20000821726447265,200,0,বিশ্ববিদ্যালয় ভর্তি,iterative,1.0,1.0,10,160,-0.4814972617560367,24.198627972509712,24.708355602342635
correlated,0.20000821726447265,200,1,শিক্ষা নীতি পরিবর্তন,pre_filter,1.0,1.0,10,10,-1.0,992.942378972657,1036.4386212138925
correlated,0.20000821726447265,200,1,শিক্ষা নীতি পরিবর্তন,post_filter,0.0,0.0,0,10,-1.0,5.766095011495054,5.995263840304688
correlated,0.20000821726447265,200,1,শিক্ষা নীতি পরিবর্তন,over_fetch,0.0,0.0,0,100,-1.0,4.677620017901063,5.179133330238983
correlated,0.20000821726447265,200,1,শিক্ষা নীতি পরিবর্তন,iterative,0.2,0.2,2,1280,-1.0,55.02396303927526,55.78954077209346
correlated,0.20000821726447265,200,2,স্কুল শিক্ষার্থী,pre_filter,1.0,1.0,10,10,-0.5384761248605481,987.2528300038539,1034.2014208959881
correlated,0.20000821726447265,200,2,স্কুল শিক্ষার্থী,post_filter,0.0,0.0,0,10,-0.5384761248605481,5.105842021293938,5.3857779945246875
correlated,0.20000821726447265,200,2,স্কুল শিক্ষার্থী,over_fetch,0.5,0.5,5,100,-0.5384761248605481,4.7552280011586845,5.15849906951189
correlated,0.20000821726447265,200,2,স্কুল শিক্ষার্থী,iterative,0.9,1.0,10,320,-0.5384761248605481,29.814096982590854,30.201580264838412
correlated,0.20000821726447265,200,3,পরীক্ষার ফলাফল,pre_filter,1.0,1.0,10,10,-0.6666780791432426,988.3285089745186,1058.122444304172
correlated,0.20000821726447265,200,3,পরীক্ষার ফলাফল,post_filter,0.0,0.0,0,10,-0.6666780791432426,4.564606002531946,5.054081801790744
correlated,0.20000821726447265,200,3,পরীক্ষার ফলাফল,over_fetch,0.4,0.4,4,100,-0.6666780791432426,4.7763370093889534,4.996823496185243
correlated,0.20000821726447265,200,3,পরীক্ষার ফলাফল,iterative,1.0,1.0,10,160,-0.6666780791432426,23.348816961515695,23.599600204033777
correlated,0.20000821726447265,200,4,নির্বাচন কমিশন,pre_filter,0.9,1.0,10,10,-1.0,1020.3065990353934,1042.8487523284275
correlated,0.20000821726447265,200,4,নির্বাচন কমিশন,post_filter,0.0,0.0,0,10,-1.0,4.454766982235014,5.05000448320061
correlated,0.20000821726447265,200,4,নির্বাচন কমিশন,over_fetch,0.0,0.0,0,100,-1.0,4.880965978372842,5.289241985883564
correlated,0.20000821726447265,200,4,নির্বাচন কমিশন,iterative,0.1,0.1,1,1280,-1.0,53.208870987873524,55.08935080724768
correlated,0.20000821726447265,200,5,রাজনৈতিক দল,pre_filter,1.0,1.0,10,10,-1.0,988.773972960189,1040.7313285104465
correlated,0.20000821726447265,200,5,রাজনৈতিক দল,post_filter,0.0,0.0,0,10,-1.0,4.985864041373134,5.12310586636886
correlated,0.20000821726447265,200,5,রাজনৈতিক দল,over_fetch,0.0,0.0,0,100,-1.0,5.082286952529103,5.187436722917482
correlated,0.20000821726447265,200,5,রাজনৈতিক দল,iterative,0.1,0.1,1,1280,-1.0,51.33423500228673,51.50701248203404
correlated,0.20000821726447265,200,6,সংসদ নির্বাচন,pre_filter,1.0,1.0,10,10,-1.0,976.1670759762637,1018.4976147778798
correlated,0.20000821726447265,200,6,সংসদ নির্বাচন,post_filter,0.0,0.0,0,10,-1.0,5.135478975716978,5.595072085270658
correlated,0.20000821726447265,200,6,সংসদ নির্বাচন,over_fetch,0.0,0.0,0,100,-1.0,4.653304989915341,5.003971076803282
correlated,0.20000821726447265,200,6,সংসদ নির্বাচন,iterative,0.8,1.0,10,1280,-1.0,51.603786007035524,52.68014014000073
correlated,0.20000821726447265,200,7,মন্ত্রিসভার সিদ্ধান্ত,pre_filter,1.0,1.0,10,10,-1.0,1000.3354370128363,1061.2109375244472
correlated,0.20000821726447265,200,7,মন্ত্রিসভার সিদ্ধান্ত,post_filter,0.0,0.0,0,10,-1.0,4.4511809828691185,4.9341632693540305
correlated,0.20000821726447265,200,7,মন্ত্রিসভার সিদ্ধান্ত,over_fetch,0.0,0.0,0,100,-1.0,4.865385999437422,5.16423998051323
correlated,0.20000821726447265,200,7,মন্ত্রিসভার সিদ্ধান্ত,iterative,0.2,1.0,10,1280,-1.0,57.627129019238055,57.844549196306616
correlated,0.20000821726447265,200,8,কৃত্রিম বুদ্ধিমত্তা,pre_filter,0.8,1.0,10,10,-0.6666780791432426,996.808007999789,1045.8344001322985
correlated,0.20000821726447265,200,8,কৃত্রিম বুদ্ধিমত্তা,post_filter,0.0,0.0,0,10,-0.6666780791432426,4.714620998129249,5.108902003848925
correlated,0.20000821726447265,200,8,কৃত্রিম বুদ্ধিমত্তা,over_fetch,0.0,0.0,0,100,-0.6666780791432426,4.91259602131322,5.1356151001527905
correlated,0.20000821726447265,200,8,কৃত্রিম বুদ্ধিমত্তা,iterative,0.4,1.0,10,320,-0.6666780791432426,31.64530999492854,31.959663791349158
correlated,0.20000821726447265,200,9,তথ্য প্রযুক্তি,pre_filter,1.0,1.0,10,10,-0.4814972617560367,992.8163480362855,1055.647739302367
correlated,0.20000821726447265,200,9,তথ্য প্রযুক্তি,post_filter,0.0,0.0,0,10,-0.4814972617560367,4.712715977802873,5.2622541901655495
correlated,0.20000821726447265,200,9,তথ্য প্রযুক্তি,over_fetch,0.4,0.4,4,100,-0.4814972617560367,4.856279003433883,5.274654785171151
correlated,0.20000821726447265,200,9,তথ্য প্রযুক্তি,iterative,0.8,1.0,10,160,-0.4814972617560367,24.664571974426508,24.809160589938983
correlated,0.20000821726447265,200,10,মোবাইল ইন্টারনেট,pre_filter,0.9,1.0,10,10,-0.7391397545983778,978.003278025426,1019.2834853078239
correlated,0.20000821726447265,200,10,মোবাইল ইন্টারনেট,post_filter,0.0,0.0,0,10,-0.7391397545983778,5.239675985649228,6.794728362001479
correlated,0.20000821726447265,200,10,মোবাইল ইন্টারনেট,over_fetch,0.3,0.3,3,100,-0.7391397545983778,4.595004022121429,5.171331582823768
correlated,0.20000821726447265,200,10,মোবাইল ইন্টারনেট,iterative,0.7,1.0,10,320,-0.7391397545983778,29.66232900507748,29.717215488199145
correlated,0.20000821726447265,200,11,সাইবার নিরাপত্তা,pre_filter,0.9,1.0,10,10,-1.0,1018.4940000181086,1070.1881280285306
correlated,0.20000821726447265,200,11,সাইবার নিরাপত্তা,post_filter,0.0,0.0,0,10,-1.0,4.608599003404379,4.838977393228561
correlated,0.20000821726447265,200,11,সাইবার নিরাপত্তা,over_fetch,0.0,0.0,0,100,-1.0,4.8347379779443145,5.013818177394569
correlated,0.20000821726447265,200,11,সাইবার নিরাপত্তা,iterative,0.0,0.0,0,1280,-1.0,53.92665200633928,55.42572620906867
correlated,0.20000821726447265,200,12,বাংলাদেশ ক্রিকেট দল,pre_filter,1.0,1.0,10,10,0.6428450895601888,1033.8094820035622,1090.77506121248
correlated,0.20000821726447265,200,12,বাংলাদেশ ক্রিকেট দল,post_filter,1.0,1.0,10,10,0.6428450895601888,5.169291980564594,5.197335995035246
correlated,0.20000821726447265,200,12,বাংলাদেশ ক্রিকেট দল,over_fetch,1.0,1.0,10,100,0.6428450895601888,5.09599398355931,5.266363080590963
correlated,0.20000821726447265,200,12,বাংলাদেশ ক্রিকেট দল,iterative,1.0,1.0,10,10,0.6428450895601888,4.849135002586991,5.004175275098532
correlated,0.20000821726447265,200,13,ফুটবল ম্যাচ,pre_filter,0.8,1.0,10,10,0.1304145893138171,932.8808910213411,1005.5222444585524
correlated,0.20000821726447265,200,13,ফুটবল ম্যাচ,post_filter,0.2,0.2,2,10,0.1304145893138171,4.488641978241503,4.920147015945986
correlated,0.20000821726447265,200,13,ফুটবল ম্যাচ,over_fetch,0.7,1.0,10,100,0.1304145893138171,4.784513032063842,5.154719011625275
correlated,0.20000821726447265,200,13,ফুটবল ম্যাচ,iterative,0.7,1.0,10,80,0.1304145893138171,19.179210008587688,19.63669260730967
correlated,0.20000821726447265,200,14,বিশ্বকাপ ক্রিকেট,pre_filter,1.0,1.0,10,10,0.6428450895601888,957.2279599960893,964.6007465140428
correlated,0.20000821726447265,200,14,বিশ্বকাপ ক্রিকেট,post_filter,1.0,1.0,10,10,0.6428450895601888,4.901856009382755,5.352674052119255
correlated,0.20000821726447265,200,14,বিশ্বকাপ ক্রিকেট,over_fetch,1.0,1.0,10,100,0.6428450895601888,4.5578330173157156,4.9271920579485595
correlated,0.20000821726447265,200,14,বিশ্বকাপ ক্রিকেট,iterative,1.0,1.0,10,10,0.6428450895601888,4.437625000718981,4.613431909820065
correlated,0.20000821726447265,200,15,খেলোয়াড় নির্বাচন,pre_filter,1.0,1.0,10,10,-0.3793279318156382,951.8322380026802,971.2397587893065
correlated,0.20000821726447265,200,15,খেলোয়াড় নির্বাচন,post_filter,0.0,0.0,0,10,-0.3793279318156382,5.59625297319144,6.195753824431449
correlated,0.20000821726447265,200,15,খেলোয়াড় নির্বাচন,over_fetch,0.5,0.6,6,100,-0.3793279318156382,5.83062699297443,5.877046287059784
correlated,0.20000821726447265,200,15,খেলোয়াড় নির্বাচন,iterative,0.6,1.0,10,160,-0.3793279318156382,27.609276003204286,27.766137034632266
correlated,0.20000821726447265,200,16,শেয়ার বাজার,pre_filter,1.0,1.0,10,10,0.38459788060465666,983.496503031347,1035.5472209339496
correlated,0.20000821726447265,200,16,শেয়ার বাজার,post_filter,0.4,0.4,4,10,0.38459788060465666,4.425532009918243,6.618382886517793
correlated,0.20000821726447265,200,16,শেয়ার বাজার,over_fetch,0.9,1.0,10,100,0.38459788060465666,4.698941018432379,4.92166395415552
correlated,0.20000821726447265,200,16,শেয়ার বাজার,iterative,0.9,1.0,10,40,0.38459788060465666,13.347371015697718,13.384106277953833
correlated,0.20000821726447265,200,17,ব্যাংক ঋণ,pre_filter,1.0,1.0,10,10,-0.9047656312666418,1017.5840429728851,1042.22135579912
correlated,0.20000821726447265,200,17,ব্যাংক ঋণ,post_filter,0.0,0.0,0,10,-0.9047656312666418,5.051789979916066,5.217623105272651
correlated,0.20000821726447265,200,17,ব্যাংক ঋণ,over_fetch,0.1,0.1,1,100,-0.9047656312666418,4.943604988511652,5.132368276827037
correlated,0.20000821726447265,200,17,ব্যাংক ঋণ,iterative,1.0,1.0,10,640,-0.9047656312666418,37.873219000175595,40.88321679737419
correlated,0.20000821726447265,200,18,অর্থনৈতিক প্রবৃদ্ধি,pre_filter,0.9,1.0,10,10,-1.0,1000.9879620047286,1005.6469524104614
correlated,0.20000821726447265,200,18,অর্থনৈতিক প্রবৃদ্ধি,post_filter,0.0,0.0,0,10,-1.0,4.358104022685438,4.856326023582369
correlated,0.20000821726447265,200,18,অর্থনৈতিক প্রবৃদ্ধি,over_fetch,0.0,0.0,0,100,-1.0,4.5541260042227805,7.732608332298696
correlated,0.20000821726447265,200,18,অর্থনৈতিক প্রবৃদ্ধি,iterative,0.3,0.3,3,1280,-1.0,53.229810029733926,54.43962512072176
correlated,0.20000821726447265,200,19,বিনিয়োগ বাজার,pre_filter,1.0,1.0,10,10,-1.0,966.5313909645192,968.0036757665221
correlated,0.20000821726447265,200,19,বিনিয়োগ বাজার,post_filter,0.0,0.0,0,10,-1.0,4.272321006283164,5.768528702901676
correlated,0.20000821726447265,200,19,বিনিয়োগ বাজার,over_fetch,0.0,0.0,0,100,-1.0,4.543096001725644,4.823014006251469
correlated,0.20000821726447265,200,19,বিনিয়োগ বাজার,iterative,1.0,1.0,10,640,-1.0,36.06526099611074,36.6091993637383
correlated,0.10000410863223633,100,0,বিশ্ববিদ্যালয় ভর্তি,pre_filter,1.0,1.0,10,10,-1.0,543.3837430318817,546.0577276186086
correlated,0.10000410863223633,100,0,বিশ্ববিদ্যালয় ভর্তি,post_filter,0.0,0.0,0,10,-1.0,5.160686967428774,5.656761629506946
correlated,0.10000410863223633,100,0,বিশ্ববিদ্যালয় ভর্তি,over_fetch,0.0,0.0,0,100,-1.0,4.511966020800173,5.004038324113935
correlated,0.10000410863223633,100,0,বিশ্ববিদ্যালয় ভর্তি,iterative,1.0,1.0,10,640,-1.0,36.39596694847569,39.677398483036086
correlated,0.10000410863223633,100,1,শিক্ষা নীতি পরিবর্তন,pre_filter,1.0,1.0,10,10,-1.0,557.9011020017788,559.9423658975866
correlated,0.10000410863223633,100,1,শিক্ষা নীতি পরিবর্তন,post_filter,0.0,0.0,0,10,-1.0,4.58612700458616,4.7334218746982515
correlated,0.10000410863223633,100,1,শিক্ষা নীতি পরিবর্তন,over_fetch,0.0,0.0,0,100,-1.0,3.5763620398938656,3.6723937664646655
correlated,0.10000410863223633,100,1,শিক্ষা নীতি পরিবর্তন,iterative,0.0,0.0,0,1280,-1.0,43.16728800768033,45.1004016213119
correlated,0.10000410863223633,100,2,স্কুল শিক্ষার্থী,pre_filter,1.0,1.0,10,10,-0.8181886090558342,529.6136200195178,534.5379123813473
correlated,0.10000410863223633,100,2,স্কুল শিক্ষার্থী,post_filter,0.0,0.0,0,10,-0.8181886090558342,4.0342300198972225,6.281391438096762
correlated,0.10000410863223633,100,2,স্কুল শিক্ষার্থী,over_fetch,0.0,0.0,0,100,-0.8181886090558342,3.5216580145061016,3.53413830162026
correlated,0.10000410863223633,100,2,স্কুল শিক্ষার্থী,iterative,1.0,1.0,10,640,-0.8181886090558342,29.885602998547256,29.976971924770623
correlated,0.10000410863223633,100,3,পরীক্ষার ফলাফল,pre_filter,1.0,1.0,10,10,-1.0,536.1787099973299,547.9142392927315
correlated,0.10000410863223633,100,3,পরীক্ষার ফলাফল,post_filter,0.0,0.0,0,10,-1.0,5.387086013797671,5.903657205635682
correlated,0.10000410863223633,100,3,পরীক্ষার ফলাফল,over_fetch,0.0,0.0,0,100,-1.0,5.235358024947345,5.916356487432495
correlated,0.10000410863223633,100,3,পরীক্ষার ফলাফল,iterative,1.0,1.0,10,640,-1.0,47.667532053310424,50.48139006830752
correlated,0.10000410863223633,100,4,নির্বাচন কমিশন,pre_filter,1.0,1.0,10,10,-1.0,553.8635959965177,555.8509003953077
correlated,0.10000410863223633,100,4,নির্বাচন কমিশন,post_filter,0.0,0.0,0,10,-1.0,5.076767003629357,6.9848939019721
correlated,0.10000410863223633,100,4,নির্বাচন কমিশন,over_fetch,0.0,0.0,0,100,-1.0,5.119889043271542,5.308274307753891
correlated,0.10000410863223633,100,4,নির্বাচন কমিশন,iterative,0.0,0.0,0,1280,-1.0,61.39344099210575,63.86014027521014
correlated,0.10000410863223633,100,5,রাজনৈতিক দল,pre_filter,1.0,1.0,10,10,-1.0,567.6896939985454,587.8564638143871
correlated,0.10000410863223633,100,5,রাজনৈতিক দল,post_filter,0.0,0.0,0,10,-1.0,5.255164986010641,5.814361089142039
correlated,0.10000410863223633,100,5,রাজনৈতিক দল,over_fetch,0.0,0.0,0,100,-1.0,5.271505971904844,5.5138868279755116
correlated,0.10000410863223633,100,5,রাজনৈতিক দল,iterative,0.0,0.0,0,1280,-1.0,61.52906798524782,61.930671421578154
correlated,0.10000410863223633,100,6,সংসদ নির্বাচন,pre_filter,1.0,1.0,10,10,-1.0,560.5399959604256,561.4663588174153
correlated,0.10000410863223633,100,6,সংসদ নির্বাচন,post_filter,0.0,0.0,0,10,-1.0,5.968878977000713,6.2293651106301695
correlated,0.10000410863223633,100,6,সংসদ নির্বাচন,over_fetch,0.0,0.0,0,100,-1.0,5.103066971059889,5.76191924046725
correlated,0.10000410863223633,100,6,সংসদ নির্বাচন,iterative,0.6,0.6,6,1280,-1.0,54.06358104664832,72.79300759546459
correlated,0.10000410863223633,100,7,মন্ত্রিসভার সিদ্ধান্ত,pre_filter,1.0,1.0,10,10,-1.0,563.0048799794167,565.3438881970942
correlated,0.10000410863223633,100,7,মন্ত্রিসভার সিদ্ধান্ত,post_filter,0.0,0.0,0,10,-1.0,6.213201966602355,6.921864690957591
correlated,0.10000410863223633,100,7,মন্ত্রিসভার সিদ্ধান্ত,over_fetch,0.0,0.0,0,100,-1.0,6.173718022182584,6.383526907302439
correlated,0.10000410863223633,100,7,মন্ত্রিসভার সিদ্ধান্ত,iterative,0.1,0.2,2,1280,-1.0,64.28317102836445,65.94294831738807
correlated,0.10000410863223633,100,8,কৃত্রিম বুদ্ধিমত্তা,pre_filter,1.0,1.0,10,10,-1.0,561.1492920434102,567.3638667096384
correlated,0.10000410863223633,100,8,কৃত্রিম বুদ্ধিমত্তা,post_filter,0.0,0.0,0,10,-1.0,6.8698470131494105,6.904481718083844
correlated,0.10000410863223633,100,8,কৃত্রিম বুদ্ধিমত্তা,over_fetch,0.0,0.0,0,100,-1.0,6.654680008068681,7.068410905776545
correlated,0.10000410863223633,100,8,কৃত্রিম বুদ্ধিমত্তা,iterative,0.6,1.0,10,1280,-1.0,65.61051699100062,67.41978971404023
correlated,0.10000410863223633,100,9,তথ্য প্রযুক্তি,pre_filter,1.0,1.0,10,10,-0.8181886090558342,538.2063639699481,551.4724369044416
correlated,0.10000410863223633,100,9,তথ্য প্রযুক্তি,post_filter,0.0,0.0,0,10,-0.8181886090558342,6.1237330082803965,6.357374839717522
correlated,0.10000410863223633,100,9,তথ্য প্রযুক্তি,over_fetch,0.1,0.1,1,100,-0.8181886090558342,6.335304002277553,6.625861785141751
correlated,0.10000410863223633,100,9,তথ্য প্রযুক্তি,iterative,0.7,1.0,10,640,-0.8181886090558342,52.558847004547715,52.77807081001811
correlated,0.10000410863223633,100,10,মোবাইল ইন্টারনেট,pre_filter,1.0,1.0,10,10,-1.0,551.9251989899203,556.526606506668
correlated,0.10000410863223633,100,10,মোবাইল ইন্টারনেট,post_filter,0.0,0.0,0,10,-1.0,5.994387029204518,6.193331134272739
correlated,0.10000410863223633,100,10,মোবাইল ইন্টারনেট,over_fetch,0.0,0.0,0,100,-1.0,6.0725450166501105,6.317892228253186
correlated,0.10000410863223633,100,10,মোবাইল ইন্টারনেট,iterative,1.0,1.0,10,1280,-1.0,56.46584602072835,57.15182239073329
correlated,0.10000410863223633,100,11,সাইবার নিরাপত্তা,pre_filter,1.0,1.0,10,10,-1.0,568.8148770132102,585.8524782233872
correlated,0.10000410863223633,100,11,সাইবার নিরাপত্তা,post_filter,0.0,0.0,0,10,-1.0,6.428891036193818,7.428986299782991
correlated,0.10000410863223633,100,11,সাইবার নিরাপত্তা,over_fetch,0.0,0.0,0,100,-1.0,6.395116972271353,6.6427358367946
correlated,0.10000410863223633,100,11,সাইবার নিরাপত্তা,iterative,0.0,0.0,0,1280,-1.0,62.78463901253417,65.10097889695317
correlated,0.10000410863223633,100,12,বাংলাদেশ ক্রিকেট দল,pre_filter,1.0,1.0,10,10,0.6874891667618922,553.4998949733563,564.4619912782218
correlated,0.10000410863223633,100,12,বাংলাদেশ ক্রিকেট দল,post_filter,0.9,0.9,9,10,0.6874891667618922,4.955857992172241,5.346946697682142
correlated,0.10000410863223633,100,12,বাংলাদেশ ক্রিকেট দল,over_fetch,1.0,1.0,10,100,0.6874891667618922,5.097076005768031,5.1609345828182995
correlated,0.10000410863223633,100,12,বাংলাদেশ ক্রিকেট দল,iterative,1.0,1.0,10,20,0.6874891667618922,9.498321975115687,9.620097407605499
correlated,0.10000410863223633,100,13,ফুটবল ম্যাচ,pre_filter,1.0,1.0,10,10,0.09088871790657888,584.0326439938508,585.1299266912974
correlated,0.10000410863223633,100,13,ফুটবল ম্যাচ,post_filter,0.0,0.0,0,10,0.09088871790657888,5.181044980417937,5.535453272750601
correlated,0.10000410863223633,100,13,ফুটবল ম্যাচ,over_fetch,0.0,0.2,2,100,0.09088871790657888,5.2618689951486886,5.288369534537196
correlated,0.10000410863223633,100,13,ফুটবল ম্যাচ,iterative,0.1,1.0,10,320,0.09088871790657888,32.151167979463935,33.312021335586905
correlated,0.10000410863223633,100,14,বিশ্বকাপ ক্রিকেট,pre_filter,1.0,1.0,10,10,0.7402504544816668,577.2226409753785,599.5746944856364
correlated,0.10000410863223633,100,14,বিশ্বকাপ ক্রিকেট,post_filter,0.7,0.7,7,10,0.7402504544816668,5.123535986058414,5.579538969323039
correlated,0.10000410863223633,100,14,বিশ্বকাপ ক্রিকেট,over_fetch,1.0,1.0,10,100,0.7402504544816668,5.162879999261349,5.293502373388037
correlated,0.10000410863223633,100,14,বিশ্বকাপ ক্রিকেট,iterative,1.0,1.0,10,20,0.7402504544816668,9.585858031641692,9.87858934677206
correlated,0.10000410863223633,100,15,খেলোয়াড় নির্বাচন,pre_filter,1.0,1.0,10,10,-0.6666780791432426,536.8286810116842,540.9355186799075
correlated,0.10000410863223633,100,15,খেলোয়াড় নির্বাচন,post_filter,0.0,0.0,0,10,-0.6666780791432426,6.238930975086987,6.459299591369927
correlated,0.10000410863223633,100,15,খেলোয়াড় নির্বাচন,over_fetch,0.0,0.0,0,100,-0.6666780791432426,5.542350001633167,5.9953415766358376
correlated,0.10000410863223633,100,15,খেলোয়াড় নির্বাচন,iterative,1.0,1.0,10,640,-0.6666780791432426,40.91425600927323,41.01586060132831
correlated,0.10000410863223633,100,16,শেয়ার বাজার,pre_filter,1.0,1.0,10,10,0.39392203905144074,531.7482969840057,550.0325214699842
correlated,0.10000410863223633,100,16,শেয়ার বাজার,post_filter,0.3,0.3,3,10,0.39392203905144074,5.549533991143107,6.314156868029386
correlated,0.10000410863223633,100,16,শেয়ার বাজার,over_fetch,0.9,1.0,10,100,0.39392203905144074,6.815805041696876,6.898969499161467
correlated,0.10000410863223633,100,16,শেয়ার বাজার,iterative,0.9,1.0,10,40,0.39392203905144074,16.11177303129807,16.22869738494046
correlated,0.10000410863223633,100,17,ব্যাংক ঋণ,pre_filter,1.0,1.0,10,10,-1.0,551.8190279835835,555.7829412107822
correlated,0.10000410863223633,100,17,ব্যাংক ঋণ,post_filter,0.0,0.0,0,10,-1.0,5.469641997478902,6.463046668795869
correlated,0.10000410863223633,100,17,ব্যাংক ঋণ,over_fetch,0.0,0.0,0,100,-1.0,5.29640301829204,5.491299764253199
correlated,0.10000410863223633,100,17,ব্যাংক ঋণ,iterative,0.9,1.0,10,1280,-1.0,55.222688999492675,55.66647446830757
correlated,0.10000410863223633,100,18,অর্থনৈতিক প্রবৃদ্ধি,pre_filter,1.0,1.0,10,10,-1.0,570.1380909886211,574.4910687964875
correlated,0.10000410863223633,100,18,অর্থনৈতিক প্রবৃদ্ধি,post_filter,0.0,0.0,0,10,-1.0,5.137451982591301,5.2886870806105435
correlated,0.10000410863223633,100,18,অর্থনৈতিক প্রবৃদ্ধি,over_fetch,0.0,0.0,0,100,-1.0,5.227682995609939,5.300180695485324
correlated,0.10000410863223633,100,18,অর্থনৈতিক প্রবৃদ্ধি,iterative,0.1,0.1,1,1280,-1.0,59.26605605054647,59.80302392272279
correlated,0.10000410863223633,100,19,বিনিয়োগ বাজার,pre_filter,1.0,1.0,10,10,-1.0,544.4691960001364,544.9070028145798
correlated,0.10000410863223633,100,19,বিনিয়োগ বাজার,post_filter,0.0,0.0,0,10,-1.0,5.108868004754186,5.328695726348087
correlated,0.10000410863223633,100,19,বিনিয়োগ বাজার,over_fetch,0.0,0.0,0,100,-1.0,5.296142946463078,5.578423495171592
correlated,0.10000410863223633,100,19,বিনিয়োগ বাজার,iterative,0.6,0.6,6,1280,-1.0,53.3934099948965,53.627782623516396
correlated,0.050002054316118164,50,0,বিশ্ববিদ্যালয় ভর্তি,pre_filter,1.0,1.0,10,10,-1.0,312.6165849971585,313.42527462984435
correlated,0.050002054316118164,50,0,বিশ্ববিদ্যালয় ভর্তি,post_filter,0.0,0.0,0,10,-1.0,4.946018976625055,5.128065583994612
correlated,0.050002054316118164,50,0,বিশ্ববিদ্যালয় ভর্তি,over_fetch,0.0,0.0,0,100,-1.0,4.973040020558983,5.082183034392074
correlated,0.050002054316118164,50,0,বিশ্ববিদ্যালয় ভর্তি,iterative,1.0,1.0,10,1280,-1.0,53.97594399983063,54.4736800075043
correlated,0.050002054316118164,50,1,শিক্ষা নীতি পরিবর্তন,pre_filter,1.0,1.0,10,10,-1.0,353.32491900771856,373.8983952149283
correlated,0.050002054316118164,50,1,শিক্ষা নীতি পরিবর্তন,post_filter,0.0,0.0,0,10,-1.0,4.967689979821444,5.178094713483006
correlated,0.050002054316118164,50,1,শিক্ষা নীতি পরিবর্তন,over_fetch,0.0,0.0,0,100,-1.0,5.0136069767177105,5.224931467091665
correlated,0.050002054316118164,50,1,শিক্ষা নীতি পরিবর্তন,iterative,0.0,0.0,0,1280,-1.0,59.4656549510546,70.26461369823664
correlated,0.050002054316118164,50,2,স্কুল শিক্ষার্থী,pre_filter,1.0,1.0,10,10,-1.0,318.38741700630635,318.45822811010294
correlated,0.050002054316118164,50,2,স্কুল শিক্ষার্থী,post_filter,0.0,0.0,0,10,-1.0,6.202362012118101,6.467266194522381
correlated,0.050002054316118164,50,2,স্কুল শিক্ষার্থী,over_fetch,0.0,0.0,0,100,-1.0,5.141578963957727,5.5895764962770045
correlated,0.050002054316118164,50,2,স্কুল শিক্ষার্থী,iterative,0.3,0.3,3,1280,-1.0,54.15933200856671,54.81648950953968
correlated,0.050002054316118164,50,3,পরীক্ষার ফলাফল,pre_filter,1.0,1.0,10,10,-1.0,322.36570201348513,324.87695399322547
correlated,0.050002054316118164,50,3,পরীক্ষার ফলাফল,post_filter,0.0,0.0,0,10,-1.0,4.869544005487114,4.934701306046918
correlated,0.050002054316118164,50,3,পরীক্ষার ফলাফল,over_fetch,0.0,0.0,0,100,-1.0,5.159613967407495,5.189694679575041
correlated,0.050002054316118164,50,3,পরীক্ষার ফলাফল,iterative,0.0,0.0,0,1280,-1.0,56.358772970270365,57.00804016669281
correlated,0.050002054316118164,50,4,নির্বাচন কমিশন,pre_filter,1.0,1.0,10,10,-1.0,331.09951397636905,332.3169025883544
correlated,0.050002054316118164,50,4,নির্বাচন কমিশন,post_filter,0.0,0.0,0,10,-1.0,5.032352986745536,6.2869106768630445
correlated,0.050002054316118164,50,4,নির্বাচন কমিশন,over_fetch,0.0,0.0,0,100,-1.0,5.19115396309644,5.454120511421934
correlated,0.050002054316118164,50,4,নির্বাচন কমিশন,iterative,0.0,0.0,0,1280,-1.0,55.22071500308812,55.65756601863541
correlated,0.050002054316118164,50,5,রাজনৈতিক দল,pre_filter,1.0,1.0,10,10,-1.0,328.2519539934583,329.3000462872442
correlated,0.050002054316118164,50,5,রাজনৈতিক দল,post_filter,0.0,0.0,0,10,-1.0,5.119398003444076,5.120966676622629
correlated,0.050002054316118164,50,5,রাজনৈতিক দল,over_fetch,0.0,0.0,0,100,-1.0,4.965486004948616,5.146187997888774
correlated,0.050002054316118164,50,5,রাজনৈতিক দল,iterative,0.0,0.0,0,1280,-1.0,51.65727797430009,52.10067562293261
correlated,0.050002054316118164,50,6,সংসদ নির্বাচন,pre_filter,1.0,1.0,10,10,-1.0,323.4177359845489,329.2339544685092
correlated,0.050002054316118164,50,6,সংসদ নির্বাচন,post_filter,0.0,0.0,0,10,-1.0,4.786788020282984,4.937805293593556
correlated,0.050002054316118164,50,6,সংসদ নির্বাচন,over_fetch,0.0,0.0,0,100,-1.0,4.888790019322187,5.10834768647328
correlated,0.050002054316118164,50,6,সংসদ নির্বাচন,iterative,0.1,0.1,1,1280,-1.0,57.08954902365804,62.96916623250581
correlated,0.050002054316118164,50,7,মন্ত্রিসভার সিদ্ধান্ত,pre_filter,1.0,1.0,10,10,-1.0,327.3160080425441,333.1335971772205
correlated,0.050002054316118164,50,7,মন্ত্রিসভার সিদ্ধান্ত,post_filter,0.0,0.0,0,10,-1.0,5.170535005163401,5.5744739016518
correlated,0.050002054316118164,50,7,মন্ত্রিসভার সিদ্ধান্ত,over_fetch,0.0,0.0,0,100,-1.0,5.203316977713257,5.640700820367783
correlated,0.050002054316118164,50,7,মন্ত্রিসভার সিদ্ধান্ত,iterative,0.0,0.0,0,1280,-1.0,58.14624298363924,58.49251800100319
correlated,0.050002054316118164,50,8,কৃত্রিম বুদ্ধিমত্তা,pre_filter,1.0,1.0,10,10,-1.0,326.4324739575386,330.99789319676347
correlated,0.050002054316118164,50,8,কৃত্রিম বুদ্ধিমত্তা,post_filter,0.0,0.0,0,10,-1.0,4.823766998015344,5.0870665174443275
correlated,0.050002054316118164,50,8,কৃত্রিম বুদ্ধিমত্তা,over_fetch,0.0,0.0,0,100,-1.0,4.921764018945396,5.139363306807354
correlated,0.050002054316118164,50,8,কৃত্রিম বুদ্ধিমত্তা,iterative,0.3,0.3,3,1280,-1.0,56.864571990445256,58.445485890842974
correlated,0.050002054316118164,50,9,তথ্য প্রযুক্তি,pre_filter,1.0,1.0,10,10,-1.0,324.72690899157897,327.1989731641952
correlated,0.050002054316118164,50,9,তথ্য প্রযুক্তি,post_filter,0.0,0.0,0,10,-1.0,5.631328036542982,6.488241377519444
correlated,0.050002054316118164,50,9,তথ্য প্রযুক্তি,over_fetch,0.0,0.0,0,100,-1.0,5.423633963800967,5.63274992746301
correlated,0.050002054316118164,50,9,তথ্য প্রযুক্তি,iterative,0.7,0.8,8,1280,-1.0,59.42162103019655,59.70228691003285
correlated,0.050002054316118164,50,10,মোবাইল ইন্টারনেট,pre_filter,1.0,1.0,10,10,-1.0,332.59157300926745,333.17904530558735
correlated,0.050002054316118164,50,10,মোবাইল ইন্টারনেট,post_filter,0.0,0.0,0,10,-1.0,5.255446012597531,5.65763529157266
correlated,0.050002054316118164,50,10,মোবাইল ইন্টারনেট,over_fetch,0.0,0.0,0,100,-1.0,5.199881037697196,5.404730926966295
correlated,0.050002054316118164,50,10,মোবাইল ইন্টারনেট,iterative,0.9,1.0,10,1280,-1.0,54.44750899914652,55.443466117139906
correlated,0.050002054316118164,50,11,সাইবার নিরাপত্তা,pre_filter,0.9,1.0,10,10,-1.0,341.24335896922275,341.7767017206643
correlated,0.050002054316118164,50,11,সাইবার নিরাপত্তা,post_filter,0.0,0.0,0,10,-1.0,4.846010007895529,5.087640212150291
correlated,0.050002054316118164,50,11,সাইবার নিরাপত্তা,over_fetch,0.0,0.0,0,100,-1.0,5.009118991438299,5.158739472972229
correlated,0.050002054316118164,50,11,সাইবার নিরাপত্তা,iterative,0.0,0.0,0,1280,-1.0,54.74881996633485,55.076050985371694
correlated,0.050002054316118164,50,12,বাংলাদেশ ক্রিকেট দল,pre_filter,1.0,1.0,10,10,0.5237946173531276,307.2503780131228,336.03376131504774
correlated,0.050002054316118164,50,12,বাংলাদেশ ক্রিকেট দল,post_filter,0.2,0.2,2,10,0.5237946173531276,5.038584000431001,5.181793792871758
correlated,0.050002054316118164,50,12,বাংলাদেশ ক্রিকেট দল,over_fetch,1.0,1.0,10,100,0.5237946173531276,5.669019010383636,5.7912561285775155
correlated,0.050002054316118164,50,12,বাংলাদেশ ক্রিকেট দল,iterative,1.0,1.0,10,80,0.5237946173531276,19.871722965035588,20.076978800352663
correlated,0.050002054316118164,50,13,ফুটবল ম্যাচ,pre_filter,1.0,1.0,10,10,0.09088871790657888,306.9251920096576,308.5062669997569
correlated,0.050002054316118164,50,13,ফুটবল ম্যাচ,post_filter,0.0,0.0,0,10,0.09088871790657888,5.317214003298432,5.3636782977264374
correlated,0.050002054316118164,50,13,ফুটবল ম্যাচ,over_fetch,0.1,0.1,1,100,0.09088871790657888,5.292576039209962,5.581727076787502
correlated,0.050002054316118164,50,13,ফুটবল ম্যাচ,iterative,1.0,1.0,10,640,0.09088871790657888,39.63609202764928,40.73136317310855
correlated,0.050002054316118164,50,14,বিশ্বকাপ ক্রিকেট,pre_filter,1.0,1.0,10,10,0.7435805593188556,311.55840697465464,315.1555989985354
correlated,0.050002054316118164,50,14,বিশ্বকাপ ক্রিকেট,post_filter,0.3,0.3,3,10,0.7435805593188556,5.0066240364685655,5.039843037957326
correlated,0.050002054316118164,50,14,বিশ্বকাপ ক্রিকেট,over_fetch,1.0,1.0,10,100,0.7435805593188556,4.988931003026664,5.148939281934872
correlated,0.050002054316118164,50,14,বিশ্বকাপ ক্রিকেট,iterative,1.0,1.0,10,40,0.7435805593188556,13.8931650435552,14.003813656745479
correlated,0.050002054316118164,50,15,খেলোয়াড় নির্বাচন,pre_filter,1.0,1.0,10,10,-0.42858819800678494,316.27848802600056,317.1498724608682
correlated,0.050002054316118164,50,15,খেলোয়াড় নির্বাচন,post_filter,0.0,0.0,0,10,-0.42858819800678494,4.969374043866992,5.29501648270525
correlated,0.050002054316118164,50,15,খেলোয়াড় নির্বাচন,over_fetch,0.0,0.0,0,100,-0.42858819800678494,5.029477993957698,5.394436063943431
correlated,0.050002054316118164,50,15,খেলোয়াড় নির্বাচন,iterative,1.0,1.0,10,640,-0.42858819800678494,42.05131100025028,43.1858069379814
correlated,0.050002054316118164,50,16,শেয়ার বাজার,pre_filter,1.0,1.0,10,10,0.47366827694476765,311.28089100820944,312.8229050722439
correlated,0.050002054316118164,50,16,শেয়ার বাজার,post_filter,0.2,0.2,2,10,0.47366827694476765,5.4376510088332,5.77985891723074
correlated,0.050002054316118164,50,16,শেয়ার বাজার,over_fetch,1.0,1.0,10,100,0.47366827694476765,5.133383965585381,5.505501595325768
correlated,0.050002054316118164,50,16,শেয়ার বাজার,iterative,1.0,1.0,10,80,0.47366827694476765,19.57754499744624,19.69263968640007
correlated,0.050002054316118164,50,17,ব্যাংক ঋণ,pre_filter,1.0,1.0,10,10,-1.0,317.077974032145,329.59854090586305
correlated,0.050002054316118164,50,17,ব্যাংক ঋণ,post_filter,0.0,0.0,0,10,-1.0,5.352579988539219,5.641235184157267
correlated,0.050002054316118164,50,17,ব্যাংক ঋণ,over_fetch,0.0,0.0,0,100,-1.0,5.231400020420551,5.681353207910433
correlated,0.050002054316118164,50,17,ব্যাংক ঋণ,iterative,0.4,0.4,4,1280,-1.0,53.801723988726735,57.48843720066361
correlated,0.050002054316118164,50,18,অর্থনৈতিক প্রবৃদ্ধি,pre_filter,1.0,1.0,10,10,-1.0,332.3248670203611,333.8780797785148
correlated,0.050002054316118164,50,18,অর্থনৈতিক প্রবৃদ্ধি,post_filter,0.0,0.0,0,10,-1.0,5.046278994996101,5.304682487621903
correlated,0.050002054316118164,50,18,অর্থনৈতিক প্রবৃদ্ধি,over_fetch,0.0,0.0,0,100,-1.0,5.108176963403821,5.30154830776155
correlated,0.050002054316118164,50,18,অর্থনৈতিক প্রবৃদ্ধি,iterative,0.0,0.0,0,1280,-1.0,69.97220800258219,70.89853476500139
correlated,0.050002054316118164,50,19,বিনিয়োগ বাজার,pre_filter,1.0,1.0,10,10,-1.0,325.9659580071457,344.55875738640316
correlated,0.050002054316118164,50,19,বিনিয়োগ বাজার,post_filter,0.0,0.0,0,10,-1.0,5.24055800633505,5.6318815622944385
correlated,0.050002054316118164,50,19,বিনিয়োগ বাজার,over_fetch,0.0,0.0,0,100,-1.0,5.466727016028017,5.5973484995774925
correlated,0.050002054316118164,50,19,বিনিয়োগ বাজার,iterative,0.2,0.2,2,1280,-1.0,52.835592010524124,55.62657303526066
correlated,0.010004519495459961,10,0,বিশ্ববিদ্যালয় ভর্তি,pre_filter,1.0,1.0,10,10,-1.0,42.40375995868817,45.47807723283768
correlated,0.010004519495459961,10,0,বিশ্ববিদ্যালয় ভর্তি,post_filter,0.0,0.0,0,10,-1.0,4.405695013701916,4.699165193596855
correlated,0.010004519495459961,10,0,বিশ্ববিদ্যালয় ভর্তি,over_fetch,0.0,0.0,0,100,-1.0,5.069293023552746,5.218751524807885
correlated,0.010004519495459961,10,0,বিশ্ববিদ্যালয় ভর্তি,iterative,0.0,0.0,0,1280,-1.0,52.741924999281764,53.27863104175776
correlated,0.010004519495459961,10,1,শিক্ষা নীতি পরিবর্তন,pre_filter,1.0,1.0,10,10,-1.0,58.9501770446077,61.52589329867624
correlated,0.010004519495459961,10,1,শিক্ষা নীতি পরিবর্তন,post_filter,0.0,0.0,0,10,-1.0,4.922603955492377,4.997934005223215
correlated,0.010004519495459961,10,1,শিক্ষা নীতি পরিবর্তন,over_fetch,0.0,0.0,0,100,-1.0,5.10373804718256,5.212701007258147
correlated,0.010004519495459961,10,1,শিক্ষা নীতি পরিবর্তন,iterative,0.0,0.0,0,1280,-1.0,63.96207102807239,64.37593776499853
correlated,0.010004519495459961,10,2,স্কুল শিক্ষার্থী,pre_filter,1.0,1.0,10,10,-1.0,47.609440982341766,57.57577997283079
correlated,0.010004519495459961,10,2,স্কুল শিক্ষার্থী,post_filter,0.0,0.0,0,10,-1.0,4.723437014035881,5.206654203357175
correlated,0.010004519495459961,10,2,স্কুল শিক্ষার্থী,over_fetch,0.0,0.0,0,100,-1.0,5.707223026547581,5.825003329664469
correlated,0.010004519495459961,10,2,স্কুল শিক্ষার্থী,iterative,0.0,0.0,0,1280,-1.0,57.00004898244515,57.42046240484342
correlated,0.010004519495459961,10,3,পরীক্ষার ফলাফল,pre_filter,1.0,1.0,10,10,-1.0,50.52052199607715,62.477393727749586
correlated,0.010004519495459961,10,3,পরীক্ষার ফলাফল,post_filter,0.0,0.0,0,10,-1.0,4.638105048798025,4.892414400819689
correlated,0.010004519495459961,10,3,পরীক্ষার ফলাফল,over_fetch,0.0,0.0,0,100,-1.0,5.130879988428205,5.6384250754490495
correlated,0.010004519495459961,10,3,পরীক্ষার ফলাফল,iterative,0.0,0.0,0,1280,-1.0,57.10981698939577,57.75875928229652
correlated,0.010004519495459961,10,4,নির্বাচন কমিশন,pre_filter,1.0,1.0,10,10,-1.0,54.81241102097556,62.54870391567238
correlated,0.010004519495459961,10,4,নির্বাচন কমিশন,post_filter,0.0,0.0,0,10,-1.0,4.711014044005424,5.191264825407416
correlated,0.010004519495459961,10,4,নির্বাচন কমিশন,over_fetch,0.0,0.0,0,100,-1.0,5.57730597211048,5.70011007366702
correlated,0.010004519495459961,10,4,নির্বাচন কমিশন,iterative,0.0,0.0,0,1280,-1.0,56.996801984496415,57.17815472744405
correlated,0.010004519495459961,10,5,রাজনৈতিক দল,pre_filter,1.0,1.0,10,10,-1.0,51.75131600117311,62.54081566585228
correlated,0.010004519495459961,10,5,রাজনৈতিক দল,post_filter,0.0,0.0,0,10,-1.0,4.883048997726291,5.04082171828486
correlated,0.010004519495459961,10,5,রাজনৈতিক দল,over_fetch,0.0,0.0,0,100,-1.0,5.066817975603044,5.380278994562104
correlated,0.010004519495459961,10,5,রাজনৈতিক দল,iterative,0.0,0.0,0,1280,-1.0,52.02291102614254,65.34723462536931
correlated,0.010004519495459961,10,6,সংসদ নির্বাচন,pre_filter,1.0,1.0,10,10,-1.0,58.692768041510135,62.33782288036309
correlated,0.010004519495459961,10,6,সংসদ নির্বাচন,post_filter,0.0,0.0,0,10,-1.0,5.692885024473071,5.934210127452388
correlated,0.010004519495459961,10,6,সংসদ নির্বাচন,over_fetch,0.0,0.0,0,100,-1.0,6.476881972048432,6.806195632088929
correlated,0.010004519495459961,10,6,সংসদ নির্বাচন,iterative,0.0,0.0,0,1280,-1.0,62.72284098668024,63.611720548942685
correlated,0.010004519495459961,10,7,মন্ত্রিসভার সিদ্ধান্ত,pre_filter,1.0,1.0,10,10,-1.0,47.54444898571819,59.60383516503498
correlated,0.010004519495459961,10,7,মন্ত্রিসভার সিদ্ধান্ত,post_filter,0.0,0.0,0,10,-1.0,4.681105958297849,4.934928478905931
correlated,0.010004519495459961,10,7,মন্ত্রিসভার সিদ্ধান্ত,over_fetch,0.0,0.0,0,100,-1.0,5.237912992015481,5.652780632954091
correlated,0.010004519495459961,10,7,মন্ত্রিসভার সিদ্ধান্ত,iterative,0.0,0.0,0,1280,-1.0,59.40231500426307,59.43273769808002
correlated,0.010004519495459961,10,8,কৃত্রিম বুদ্ধিমত্তা,pre_filter,1.0,1.0,10,10,-1.0,45.49970099469647,56.558748887619004
correlated,0.010004519495459961,10,8,কৃত্রিম বুদ্ধিমত্তা,post_filter,0.0,0.0,0,10,-1.0,5.008898035157472,5.019944597734138
correlated,0.010004519495459961,10,8,কৃত্রিম বুদ্ধিমত্তা,over_fetch,0.0,0.0,0,100,-1.0,5.115611013025045,5.431019619572908
correlated,0.010004519495459961,10,8,কৃত্রিম বুদ্ধিমত্তা,iterative,0.0,0.0,0,1280,-1.0,61.059777974151075,61.074276990257204
correlated,0.010004519495459961,10,9,তথ্য প্রযুক্তি,pre_filter,1.0,1.0,10,10,-1.0,43.081646028440446,48.76220209989697
correlated,0.010004519495459961,10,9,তথ্য প্রযুক্তি,post_filter,0.0,0.0,0,10,-1.0,4.625130968634039,4.765247524483129
correlated,0.010004519495459961,10,9,তথ্য প্রযুক্তি,over_fetch,0.0,0.0,0,100,-1.0,5.026410974096507,5.3177446068730205
correlated,0.010004519495459961,10,9,তথ্য প্রযুক্তি,iterative,0.0,0.0,0,1280,-1.0,64.50005201622844,69.80275477399118
correlated,0.010004519495459961,10,10,মোবাইল ইন্টারনেট,pre_filter,1.0,1.0,10,10,-1.0,40.29994999291375,47.610148682724684
correlated,0.010004519495459961,10,10,মোবাইল ইন্টারনেট,post_filter,0.0,0.0,0,10,-1.0,4.696095013059676,4.959241457981989
correlated,0.010004519495459961,10,10,মোবাইল ইন্টারনেট,over_fetch,0.0,0.0,0,100,-1.0,5.441098008304834,5.759978818241507
correlated,0.010004519495459961,10,10,মোবাইল ইন্টারনেট,iterative,0.0,0.0,0,1280,-1.0,58.759366045705974,59.102654800517485
correlated,0.010004519495459961,10,11,সাইবার নিরাপত্তা,pre_filter,1.0,1.0,10,10,-1.0,60.07581198355183,61.49269549641758
correlated,0.010004519495459961,10,11,সাইবার নিরাপত্তা,post_filter,0.0,0.0,0,10,-1.0,4.499030997976661,4.8023849609307945
correlated,0.010004519495459961,10,11,সাইবার নিরাপত্তা,over_fetch,0.0,0.0,0,100,-1.0,5.021922988817096,5.267864215420559
correlated,0.010004519495459961,10,11,সাইবার নিরাপত্তা,iterative,0.0,0.0,0,1280,-1.0,68.6926320195198,70.14348329976201
correlated,0.010004519495459961,10,12,বাংলাদেশ ক্রিকেট দল,pre_filter,1.0,1.0,10,10,-1.0,30.190931051038206,30.285205092513934
correlated,0.010004519495459961,10,12,বাংলাদেশ ক্রিকেট দল,post_filter,0.0,0.0,0,10,-1.0,5.610268970485777,5.939663620665669
correlated,0.010004519495459961,10,12,বাংলাদেশ ক্রিকেট দল,over_fetch,0.0,0.0,0,100,-1.0,6.060893007088453,6.517618719954044
correlated,0.010004519495459961,10,12,বাংলাদেশ ক্রিকেট দল,iterative,1.0,1.0,10,640,-1.0,48.22997801238671,52.32295657042414
correlated,0.010004519495459961,10,13,ফুটবল ম্যাচ,pre_filter,1.0,1.0,10,10,-1.0,29.269032005686313,29.432999371783808
correlated,0.010004519495459961,10,13,ফুটবল ম্যাচ,post_filter,0.0,0.0,0,10,-1.0,4.524520016275346,4.87115498399362
correlated,0.010004519495459961,10,13,ফুটবল ম্যাচ,over_fetch,0.0,0.0,0,100,-1.0,4.937973979394883,5.151201057014987
correlated,0.010004519495459961,10,13,ফুটবল ম্যাচ,iterative,0.9,1.0,10,1280,-1.0,60.280800971668214,61.23398020863533
correlated,0.010004519495459961,10,14,বিশ্বকাপ ক্রিকেট,pre_filter,1.0,1.0,10,10,0.3331324971243907,23.425051011145115,23.44875702401623
correlated,0.010004519495459961,10,14,বিশ্বকাপ ক্রিকেট,post_filter,0.0,0.0,0,10,0.3331324971243907,4.57664905115962,4.75517840241082
correlated,0.010004519495459961,10,14,বিশ্বকাপ ক্রিকেট,over_fetch,0.2,0.2,2,100,0.3331324971243907,4.907716007437557,5.732708179857582
correlated,0.010004519495459961,10,14,বিশ্বকাপ ক্রিকেট,iterative,1.0,1.0,10,640,0.3331324971243907,51.04945501079783,53.14235101104714
correlated,0.010004519495459961,10,15,খেলোয়াড় নির্বাচন,pre_filter,1.0,1.0,10,10,-1.0,40.88431998388842,43.47476931870915
correlated,0.010004519495459961,10,15,খেলোয়াড় নির্বাচন,post_filter,0.0,0.0,0,10,-1.0,4.72531100967899,4.799539415398613
correlated,0.010004519495459961,10,15,খেলোয়াড় নির্বাচন,over_fetch,0.0,0.0,0,100,-1.0,5.3785600466653705,5.5522284703329206
correlated,0.010004519495459961,10,15,খেলোয়াড় নির্বাচন,iterative,0.0,0.0,0,1280,-1.0,54.386564006563276,54.42876322194934
correlated,0.010004519495459961,10,16,শেয়ার বাজার,pre_filter,1.0,1.0,10,10,-1.0,30.970480001997203,33.20605301996693
correlated,0.010004519495459961,10,16,শেয়ার বাজার,post_filter,0.0,0.0,0,10,-1.0,4.266139003448188,4.386942397104576
correlated,0.010004519495459961,10,16,শেয়ার বাজার,over_fetch,0.0,0.0,0,100,-1.0,4.534489009529352,4.787508700974286
correlated,0.010004519495459961,10,16,শেয়ার বাজার,iterative,1.0,1.0,10,1280,-1.0,59.10236499039456,62.298125511733815
correlated,0.010004519495459961,10,17,ব্যাংক ঋণ,pre_filter,1.0,1.0,10,10,-1.0,37.49319800408557,40.82534990157001
correlated,0.010004519495459961,10,17,ব্যাংক ঋণ,post_filter,0.0,0.0,0,10,-1.0,4.040361964143813,4.208521591499448
correlated,0.010004519495459961,10,17,ব্যাংক ঋণ,over_fetch,0.0,0.0,0,100,-1.0,4.698520002420992,4.882432316662744
correlated,0.010004519495459961,10,17,ব্যাংক ঋণ,iterative,0.0,0.0,0,1280,-1.0,51.4825260033831,65.36250241333619
correlated,0.010004519495459961,10,18,অর্থনৈতিক প্রবৃদ্ধি,pre_filter,1.0,1.0,10,10,-1.0,54.64475299231708,57.95062851393595
correlated,0.010004519495459961,10,18,অর্থনৈতিক প্রবৃদ্ধি,post_filter,0.0,0.0,0,10,-1.0,5.699376983102411,5.742397886933759
correlated,0.010004519495459961,10,18,অর্থনৈতিক প্রবৃদ্ধি,over_fetch,0.0,0.0,0,100,-1.0,4.64243401074782,5.374756804667413
correlated,0.010004519495459961,10,18,অর্থনৈতিক প্রবৃদ্ধি,iterative,0.0,0.0,0,1280,-1.0,52.97991499537602,53.275667619891465
correlated,0.010004519495459961,10,19,বিনিয়োগ বাজার,pre_filter,1.0,1.0,10,10,-1.0,42.7877790061757,45.220717502525076
correlated,0.010004519495459961,10,19,বিনিয়োগ বাজার,post_filter,0.0,0.0,0,10,-1.0,4.225704004056752,4.526874638395384
correlated,0.010004519495459961,10,19,বিনিয়োগ বাজার,over_fetch,0.0,0.0,0,100,-1.0,4.557612992357463,4.935961309820414
correlated,0.010004519495459961,10,19,বিনিয়োগ বাজার,iterative,0.0,0.0,0,1280,-1.0,48.631248995661736,48.85223137680441
correlated,0.005012531328320802,5,0,বিশ্ববিদ্যালয় ভর্তি,pre_filter,1.0,1.0,10,10,-1.0,41.933898988645524,42.3273240972776
correlated,0.005012531328320802,5,0,বিশ্ববিদ্যালয় ভর্তি,post_filter,0.0,0.0,0,10,-1.0,4.483713011723012,4.51798677095212
correlated,0.005012531328320802,5,0,বিশ্ববিদ্যালয় ভর্তি,over_fetch,0.0,0.0,0,100,-1.0,4.819208988919854,5.1257534709293395
correlated,0.005012531328320802,5,0,বিশ্ববিদ্যালয় ভর্তি,iterative,0.0,0.0,0,1280,-1.0,48.88900800142437,53.00312309991568
correlated,0.005012531328320802,5,1,শিক্ষা নীতি পরিবর্তন,pre_filter,1.0,1.0,10,10,-1.0,56.573159992694855,56.73510690103285
correlated,0.005012531328320802,5,1,শিক্ষা নীতি পরিবর্তন,post_filter,0.0,0.0,0,10,-1.0,4.266390984412283,4.365794226760045
correlated,0.005012531328320802,5,1,শিক্ষা নীতি পরিবর্তন,over_fetch,0.0,0.0,0,100,-1.0,4.8744240193627775,5.11674897861667
correlated,0.005012531328320802,5,1,শিক্ষা নীতি পরিবর্তন,iterative,0.0,0.0,0,1280,-1.0,50.422555999830365,51.034681987948716
correlated,0.005012531328320802,5,2,স্কুল শিক্ষার্থী,pre_filter,1.0,1.0,10,10,-1.0,46.72874201787636,49.067398300394416
correlated,0.005012531328320802,5,2,স্কুল শিক্ষার্থী,post_filter,0.0,0.0,0,10,-1.0,4.133648006245494,4.604070796631277
correlated,0.005012531328320802,5,2,স্কুল শিক্ষার্থী,over_fetch,0.0,0.0,0,100,-1.0,4.390446003526449,4.559787322068587
correlated,0.005012531328320802,5,2,স্কুল শিক্ষার্থী,iterative,0.0,0.0,0,1280,-1.0,51.97807599324733,52.57864150335081
correlated,0.005012531328320802,5,3,পরীক্ষার ফলাফল,pre_filter,1.0,1.0,10,10,-1.0,52.71040502702817,61.92394171957858
correlated,0.005012531328320802,5,3,পরীক্ষার ফলাফল,post_filter,0.0,0.0,0,10,-1.0,4.131253983359784,4.7491687757428735
correlated,0.005012531328320802,5,3,পরীক্ষার ফলাফল,over_fetch,0.0,0.0,0,100,-1.0,4.462913027964532,4.76246087346226
correlated,0.005012531328320802,5,3,পরীক্ষার ফলাফল,iterative,0.0,0.0,0,1280,-1.0,52.71187797188759,52.77716126292944
correlated,0.005012531328320802,5,4,নির্বাচন কমিশন,pre_filter,1.0,1.0,10,10,-1.0,55.44916802318767,62.38927682279609
correlated,0.005012531328320802,5,4,নির্বাচন কমিশন,post_filter,0.0,0.0,0,10,-1.0,4.376287979539484,4.581283661536872
correlated,0.005012531328320802,5,4,নির্বাচন কমিশন,over_fetch,0.0,0.0,0,100,-1.0,4.343556996900588,4.488813388161361
correlated,0.005012531328320802,5,4,নির্বাচন কমিশন,iterative,0.0,0.0,0,1280,-1.0,55.701325996778905,61.38121518306434
correlated,0.005012531328320802,5,5,রাজনৈতিক দল,pre_filter,1.0,1.0,10,10,-1.0,53.22783498559147,53.29429184785113
correlated,0.005012531328320802,5,5,রাজনৈতিক দল,post_filter,0.0,0.0,0,10,-1.0,4.159137024544179,4.3203351146075875
correlated,0.005012531328320802,5,5,রাজনৈতিক দল,over_fetch,0.0,0.0,0,100,-1.0,4.430642002262175,4.603977507213131
correlated,0.005012531328320802,5,5,রাজনৈতিক দল,iterative,0.0,0.0,0,1280,-1.0,47.419321024790406,48.13362036948092
correlated,0.005012531328320802,5,6,সংসদ নির্বাচন,pre_filter,1.0,1.0,10,10,-1.0,51.67476099450141,53.20498963119462
correlated,0.005012531328320802,5,6,সংসদ নির্বাচন,post_filter,0.0,0.0,0,10,-1.0,4.3079189490526915,4.807700717356056
correlated,0.005012531328320802,5,6,সংসদ নির্বাচন,over_fetch,0.0,0.0,0,100,-1.0,4.836581996642053,5.143154400866479
correlated,0.005012531328320802,5,6,সংসদ নির্বাচন,iterative,0.0,0.0,0,1280,-1.0,51.13316304050386,51.74407218582928
correlated,0.005012531328320802,5,7,মন্ত্রিসভার সিদ্ধান্ত,pre_filter,1.0,1.0,10,10,-1.0,46.78348498418927,51.45084362011403
correlated,0.005012531328320802,5,7,মন্ত্রিসভার সিদ্ধান্ত,post_filter,0.0,0.0,0,10,-1.0,4.448566003702581,4.49370548594743
correlated,0.005012531328320802,5,7,মন্ত্রিসভার সিদ্ধান্ত,over_fetch,0.0,0.0,0,100,-1.0,4.5336170005612075,4.686690826201811
correlated,0.005012531328320802,5,7,মন্ত্রিসভার সিদ্ধান্ত,iterative,0.0,0.0,0,1280,-1.0,61.30562396720052,62.96243401011452
correlated,0.005012531328320802,5,8,কৃত্রিম বুদ্ধিমত্তা,pre_filter,1.0,1.0,10,10,-1.0,48.727902001701295,49.113716708961874
correlated,0.005012531328320802,5,8,কৃত্রিম বুদ্ধিমত্তা,post_filter,0.0,0.0,0,10,-1.0,4.018140025436878,4.22558641876094
correlated,0.005012531328320802,5,8,কৃত্রিম বুদ্ধিমত্তা,over_fetch,0.0,0.0,0,100,-1.0,4.515392007306218,4.74960349383764
correlated,0.005012531328320802,5,8,কৃত্রিম বুদ্ধিমত্তা,iterative,0.0,0.0,0,1280,-1.0,55.10436400072649,57.209892419632524
correlated,0.005012531328320802,5,9,তথ্য প্রযুক্তি,pre_filter,1.0,1.0,10,10,-1.0,41.787321970332414,42.07761792349629
correlated,0.005012531328320802,5,9,তথ্য প্রযুক্তি,post_filter,0.0,0.0,0,10,-1.0,4.250029975082725,4.745590721722692
correlated,0.005012531328320802,5,9,তথ্য প্রযুক্তি,over_fetch,0.0,0.0,0,100,-1.0,4.8294379957951605,4.916542681166902
correlated,0.005012531328320802,5,9,তথ্য প্রযুক্তি,iterative,0.0,0.0,0,1280,-1.0,52.247827989049256,66.53693625121377
correlated,0.005012531328320802,5,10,মোবাইল ইন্টারনেট,pre_filter,1.0,1.0,10,10,-1.0,39.82377698412165,40.104326826985925
correlated,0.005012531328320802,5,10,মোবাইল ইন্টারনেট,post_filter,0.0,0.0,0,10,-1.0,4.412388021592051,4.622530820779502
correlated,0.005012531328320802,5,10,মোবাইল ইন্টারনেট,over_fetch,0.0,0.0,0,100,-1.0,4.5818479848094285,4.890539858024567
correlated,0.005012531328320802,5,10,মোবাইল ইন্টারনেট,iterative,0.0,0.0,0,1280,-1.0,49.72408199682832,59.52941908617504
correlated,0.005012531328320802,5,11,সাইবার নিরাপত্তা,pre_filter,1.0,1.0,10,10,-1.0,59.07207797281444,69.31763932225294
correlated,0.005012531328320802,5,11,সাইবার নিরাপত্তা,post_filter,0.0,0.0,0,10,-1.0,4.248848010320216,4.585798998596147
correlated,0.005012531328320802,5,11,সাইবার নিরাপত্তা,over_fetch,0.0,0.0,0,100,-1.0,4.748194012790918,5.084225244354457
correlated,0.005012531328320802,5,11,সাইবার নিরাপত্তা,iterative,0.0,0.0,0,1280,-1.0,53.33242402411997,53.528599691344425
correlated,0.005012531328320802,5,12,বাংলাদেশ ক্রিকেট দল,pre_filter,1.0,1.0,10,10,-1.0,27.627709961961955,29.013178101740777
correlated,0.005012531328320802,5,12,বাংলাদেশ ক্রিকেট দল,post_filter,0.0,0.0,0,10,-1.0,4.286097013391554,4.425258608534932
correlated,0.005012531328320802,5,12,বাংলাদেশ ক্রিকেট দল,over_fetch,0.0,0.0,0,100,-1.0,4.495133995078504,4.803113092202693
correlated,0.005012531328320802,5,12,বাংলাদেশ ক্রিকেট দল,iterative,0.4,0.4,4,1280,-1.0,48.46939200069755,48.661428631749004
correlated,0.005012531328320802,5,13,ফুটবল ম্যাচ,pre_filter,1.0,1.0,10,10,-1.0,28.125663986429572,28.206241893349215
correlated,0.005012531328320802,5,13,ফুটবল ম্যাচ,post_filter,0.0,0.0,0,10,-1.0,4.357683006674051,4.577971523394808
correlated,0.005012531328320802,5,13,ফুটবল ম্যাচ,over_fetch,0.0,0.0,0,100,-1.0,4.455267975572497,4.741705633932725
correlated,0.005012531328320802,5,13,ফুটবল ম্যাচ,iterative,0.3,0.3,3,1280,-1.0,50.29745900537819,50.61162378988229
correlated,0.005012531328320802,5,14,বিশ্বকাপ ক্রিকেট,pre_filter,1.0,1.0,10,10,0.332220367278798,28.302941005676985,29.69416997511871
correlated,0.005012531328320802,5,14,বিশ্বকাপ ক্রিকেট,post_filter,0.0,0.0,0,10,0.332220367278798,4.382840998005122,4.45053267176263
correlated,0.005012531328320802,5,14,বিশ্বকাপ ক্রিকেট,over_fetch,0.1,0.1,1,100,0.332220367278798,4.4700070284307,4.711710102856159
correlated,0.005012531328320802,5,14,বিশ্বকাপ ক্রিকেট,iterative,0.6,0.6,6,1280,0.332220367278798,51.4981760061346,51.82335047284141
correlated,0.005012531328320802,5,15,খেলোয়াড় নির্বাচন,pre_filter,1.0,1.0,10,10,-1.0,43.475341983139515,43.54652299080044
correlated,0.005012531328320802,5,15,খেলোয়াড় নির্বাচন,post_filter,0.0,0.0,0,10,-1.0,4.153475980274379,4.441166366450489
correlated,0.005012531328320802,5,15,খেলোয়াড় নির্বাচন,over_fetch,0.0,0.0,0,100,-1.0,4.429859982337803,4.693998268339783
correlated,0.005012531328320802,5,15,খেলোয়াড় নির্বাচন,iterative,0.0,0.0,0,1280,-1.0,54.610918974503875,55.37403530906886
correlated,0.005012531328320802,5,16,শেয়ার বাজার,pre_filter,1.0,1.0,10,10,-1.0,36.175700020976365,37.05793310073204
correlated,0.005012531328320802,5,16,শেয়ার বাজার,post_filter,0.0,0.0,0,10,-1.0,3.955881984438747,4.181065584998578
correlated,0.005012531328320802,5,16,শেয়ার বাজার,over_fetch,0.0,0.0,0,100,-1.0,4.2686950182542205,4.510821955045685
correlated,0.005012531328320802,5,16,শেয়ার বাজার,iterative,0.3,0.3,3,1280,-1.0,54.5050380169414,54.769184422912076
correlated,0.005012531328320802,5,17,ব্যাংক ঋণ,pre_filter,1.0,1.0,10,10,-1.0,41.51824000291526,41.60378586384468
correlated,0.005012531328320802,5,17,ব্যাংক ঋণ,post_filter,0.0,0.0,0,10,-1.0,4.257644002791494,4.39854531432502
correlated,0.005012531328320802,5,17,ব্যাংক ঋণ,over_fetch,0.0,0.0,0,100,-1.0,4.399703000672162,4.744021367514506
correlated,0.005012531328320802,5,17,ব্যাংক ঋণ,iterative,0.0,0.0,0,1280,-1.0,49.66946900822222,51.029319484950975
correlated,0.005012531328320802,5,18,অর্থনৈতিক প্রবৃদ্ধি,pre_filter,1.0,1.0,10,10,-1.0,55.17243396025151,57.68061161506921
correlated,0.005012531328320802,5,18,অর্থনৈতিক প্রবৃদ্ধি,post_filter,0.0,0.0,0,10,-1.0,4.049067967571318,4.341466311598197
correlated,0.005012531328320802,5,18,অর্থনৈতিক প্রবৃদ্ধি,over_fetch,0.0,0.0,0,100,-1.0,4.9088080413639545,5.43914022273384
correlated,0.005012531328320802,5,18,অর্থনৈতিক প্রবৃদ্ধি,iterative,0.0,0.0,0,1280,-1.0,51.535697013605386,52.27023917832412
correlated,0.005012531328320802,5,19,বিনিয়োগ বাজার,pre_filter,1.0,1.0,10,10,-1.0,47.504491987638175,47.65456425375305
correlated,0.005012531328320802,5,19,বিনিয়োগ বাজার,post_filter,0.0,0.0,0,10,-1.0,3.95867699990049,4.150669521186501
correlated,0.005012531328320802,5,19,বিনিয়োগ বাজার,over_fetch,0.0,0.0,0,100,-1.0,4.237224988173693,4.489974677562714
correlated,0.005012531328320802,5,19,বিনিয়োগ বাজার,iterative,0.0,0.0,0,1280,-1.0,48.33524697460234,49.06674179364927
correlated,0.0010066148979004888,1,0,বিশ্ববিদ্যালয় ভর্তি,pre_filter,1.0,1.0,10,10,-1.0,56.72320397570729,57.06570079782978
correlated,0.0010066148979004888,1,0,বিশ্ববিদ্যালয় ভর্তি,post_filter,0.0,0.0,0,10,-1.0,3.950241021811962,4.222287581069395
correlated,0.0010066148979004888,1,0,বিশ্ববিদ্যালয় ভর্তি,over_fetch,0.0,0.0,0,100,-1.0,4.231453989632428,4.463788977591321
correlated,0.0010066148979004888,1,0,বিশ্ববিদ্যালয় ভর্তি,iterative,0.0,0.0,0,1280,-1.0,49.583514977712184,50.507750193355605
correlated,0.0010066148979004888,1,1,শিক্ষা নীতি পরিবর্তন,pre_filter,1.0,1.0,10,10,-1.0,57.52975301584229,59.31083771283738
correlated,0.0010066148979004888,1,1,শিক্ষা নীতি পরিবর্তন,post_filter,0.0,0.0,0,10,-1.0,4.106838023290038,4.350515664555132
correlated,0.0010066148979004888,1,1,শিক্ষা নীতি পরিবর্তন,over_fetch,0.0,0.0,0,100,-1.0,4.400764999445528,4.690340004162863
correlated,0.0010066148979004888,1,1,শিক্ষা নীতি পরিবর্তন,iterative,0.0,0.0,0,1280,-1.0,50.670546013861895,51.70875719632022
correlated,0.0010066148979004888,1,2,স্কুল শিক্ষার্থী,pre_filter,1.0,1.0,10,10,-1.0,56.65649694856256,57.29812681674957
correlated,0.0010066148979004888,1,2,স্কুল শিক্ষার্থী,post_filter,0.0,0.0,0,10,-1.0,3.9955370011739433,4.221433377824724
correlated,0.0010066148979004888,1,2,স্কুল শিক্ষার্থী,over_fetch,0.0,0.0,0,100,-1.0,4.204141965601593,4.51476345770061
correlated,0.0010066148979004888,1,2,স্কুল শিক্ষার্থী,iterative,0.0,0.0,0,1280,-1.0,49.662353994790465,51.235333480872214
correlated,0.0010066148979004888,1,3,পরীক্ষার ফলাফল,pre_filter,1.0,1.0,10,10,-1.0,60.09179202374071,60.384568286826834
correlated,0.0010066148979004888,1,3,পরীক্ষার ফলাফল,post_filter,0.0,0.0,0,10,-1.0,4.635811026673764,4.7348551044706255
correlated,0.0010066148979004888,1,3,পরীক্ষার ফলাফল,over_fetch,0.0,0.0,0,100,-1.0,4.526652977801859,4.69681509421207
correlated,0.0010066148979004888,1,3,পরীক্ষার ফলাফল,iterative,0.0,0.0,0,1280,-1.0,52.967833005823195,53.01060910569504
correlated,0.0010066148979004888,1,4,নির্বাচন কমিশন,pre_filter,1.0,1.0,10,10,-1.0,55.647584958933294,56.05673488462344
correlated,0.0010066148979004888,1,4,নির্বাচন কমিশন,post_filter,0.0,0.0,0,10,-1.0,4.412017005961388,4.617822694126517
correlated,0.0010066148979004888,1,4,নির্বাচন কমিশন,over_fetch,0.0,0.0,0,100,-1.0,4.3249320005998015,4.391739907441661
correlated,0.0010066148979004888,1,4,নির্বাচন কমিশন,iterative,0.0,0.0,0,1280,-1.0,50.91634299606085,51.08588139410131
correlated,0.0010066148979004888,1,5,রাজনৈতিক দল,pre_filter,1.0,1.0,10,10,-1.0,57.557855965569615,57.85458241007291
correlated,0.0010066148979004888,1,5,রাজনৈতিক দল,post_filter,0.0,0.0,0,10,-1.0,4.141973971854895,4.252974624978378
correlated,0.0010066148979004888,1,5,রাজনৈতিক দল,over_fetch,0.0,0.0,0,100,-1.0,4.441682016476989,4.504901578184217
correlated,0.0010066148979004888,1,5,রাজনৈতিক দল,iterative,0.0,0.0,0,1280,-1.0,46.65628302609548,47.59068999555893
correlated,0.0010066148979004888,1,6,সংসদ নির্বাচন,pre_filter,1.0,1.0,10,10,-1.0,55.789122998248786,56.994673010194674
correlated,0.0010066148979004888,1,6,সংসদ নির্বাচন,post_filter,0.0,0.0,0,10,-1.0,4.027448012493551,4.297843127278611
correlated,0.0010066148979004888,1,6,সংসদ নির্বাচন,over_fetch,0.0,0.0,0,100,-1.0,4.19180904282257,4.502249590586871
correlated,0.0010066148979004888,1,6,সংসদ নির্বাচন,iterative,0.0,0.0,0,1280,-1.0,49.18690299382433,50.573381781578064
correlated,0.0010066148979004888,1,7,মন্ত্রিসভার সিদ্ধান্ত,pre_filter,1.0,1.0,10,10,-1.0,56.43308401340619,58.92421109601855
correlated,0.0010066148979004888,1,7,মন্ত্রিসভার সিদ্ধান্ত,post_filter,0.0,0.0,0,10,-1.0,4.594491969328374,5.081894190516323
correlated,0.0010066148979004888,1,7,মন্ত্রিসভার সিদ্ধান্ত,over_fetch,0.0,0.0,0,100,-1.0,4.303679976146668,5.630944180302322
correlated,0.0010066148979004888,1,7,মন্ত্রিসভার সিদ্ধান্ত,iterative,0.0,0.0,0,1280,-1.0,56.53074895963073,58.64659319631755
correlated,0.0010066148979004888,1,8,কৃত্রিম বুদ্ধিমত্তা,pre_filter,1.0,1.0,10,10,-1.0,56.72384501667693,57.90341647225432
correlated,0.0010066148979004888,1,8,কৃত্রিম বুদ্ধিমত্তা,post_filter,0.0,0.0,0,10,-1.0,4.186287987977266,4.358343733474612
correlated,0.0010066148979004888,1,8,কৃত্রিম বুদ্ধিমত্তা,over_fetch,0.0,0.0,0,100,-1.0,4.5692650019191206,4.598461894784123
correlated,0.0010066148979004888,1,8,কৃত্রিম বুদ্ধিমত্তা,iterative,0.0,0.0,0,1280,-1.0,54.53766998834908,54.90246518747881
correlated,0.0010066148979004888,1,9,তথ্য প্রযুক্তি,pre_filter,1.0,1.0,10,10,-1.0,57.8193929977715,57.876029098406434
correlated,0.0010066148979004888,1,9,তথ্য প্রযুক্তি,post_filter,0.0,0.0,0,10,-1.0,4.300745960790664,4.520843684440479
correlated,0.0010066148979004888,1,9,তথ্য প্রযুক্তি,over_fetch,0.0,0.0,0,100,-1.0,4.111596965231001,4.534210008569062
correlated,0.0010066148979004888,1,9,তথ্য প্রযুক্তি,iterative,0.0,0.0,0,1280,-1.0,49.8234600527212,50.627505587181076
correlated,0.0010066148979004888,1,10,মোবাইল ইন্টারনেট,pre_filter,1.0,1.0,10,10,-1.0,56.420149048790336,57.763138017617166
correlated,0.0010066148979004888,1,10,মোবাইল ইন্টারনেট,post_filter,0.0,0.0,0,10,-1.0,3.602702054195106,3.8957933196797967
correlated,0.0010066148979004888,1,10,মোবাইল ইন্টারনেট,over_fetch,0.0,0.0,0,100,-1.0,3.9015290094539523,4.18983232229948
correlated,0.0010066148979004888,1,10,মোবাইল ইন্টারনেট,iterative,0.0,0.0,0,1280,-1.0,48.00782795064151,50.13581766979769
correlated,0.0010066148979004888,1,11,সাইবার নিরাপত্তা,pre_filter,1.0,1.0,10,10,-1.0,56.98098300490528,60.007490374846384
correlated,0.0010066148979004888,1,11,সাইবার নিরাপত্তা,post_filter,0.0,0.0,0,10,-1.0,3.855269984342158,4.466423095436767
correlated,0.0010066148979004888,1,11,সাইবার নিরাপত্তা,over_fetch,0.0,0.0,0,100,-1.0,4.4447280233725905,4.642987169791013
correlated,0.0010066148979004888,1,11,সাইবার নিরাপত্তা,iterative,0.0,0.0,0,1280,-1.0,51.4250069973059,53.53573827305809
correlated,0.0010066148979004888,1,12,বাংলাদেশ ক্রিকেট দল,pre_filter,1.0,1.0,10,10,-1.0,57.30137997306883,57.67772669205442
correlated,0.0010066148979004888,1,12,বাংলাদেশ ক্রিকেট দল,post_filter,0.0,0.0,0,10,-1.0,3.76099202549085,4.041784786386415
correlated,0.0010066148979004888,1,12,বাংলাদেশ ক্রিকেট দল,over_fetch,0.0,0.0,0,100,-1.0,3.9050549967214465,4.258841404225677
correlated,0.0010066148979004888,1,12,বাংলাদেশ ক্রিকেট দল,iterative,0.0,0.0,0,1280,-1.0,45.052764005959034,48.27578996773809
correlated,0.0010066148979004888,1,13,ফুটবল ম্যাচ,pre_filter,1.0,1.0,10,10,-1.0,57.298033963888884,59.96549989213236
correlated,0.0010066148979004888,1,13,ফুটবল ম্যাচ,post_filter,0.0,0.0,0,10,-1.0,4.330021038185805,4.600056097842753
correlated,0.0010066148979004888,1,13,ফুটবল ম্যাচ,over_fetch,0.0,0.0,0,100,-1.0,4.643155029043555,4.900917725171894
correlated,0.0010066148979004888,1,13,ফুটবল ম্যাচ,iterative,0.0,0.0,0,1280,-1.0,46.63922201143578,47.13905773824081
correlated,0.0010066148979004888,1,14,বিশ্বকাপ ক্রিকেট,pre_filter,1.0,1.0,10,10,-1.0,56.5692629897967,56.70885656727478
correlated,0.0010066148979004888,1,14,বিশ্বকাপ ক্রিকেট,post_filter,0.0,0.0,0,10,-1.0,3.8303639739751816,3.95185049274005
correlated,0.0010066148979004888,1,14,বিশ্বকাপ ক্রিকেট,over_fetch,0.0,0.0,0,100,-1.0,4.04524098848924,4.233626305358484
correlated,0.0010066148979004888,1,14,বিশ্বকাপ ক্রিকেট,iterative,0.0,0.0,0,1280,-1.0,48.05463599041104,48.17771999514662
correlated,0.0010066148979004888,1,15,খেলোয়াড় নির্বাচন,pre_filter,1.0,1.0,10,10,-1.0,58.55718196835369,58.611780480714515
correlated,0.0010066148979004888,1,15,খেলোয়াড় নির্বাচন,post_filter,0.0,0.0,0,10,-1.0,3.7781450082547963,3.928856289712712
correlated,0.0010066148979004888,1,15,খেলোয়াড় নির্বাচন,over_fetch,0.0,0.0,0,100,-1.0,4.032918019220233,4.235875222366303
correlated,0.0010066148979004888,1,15,খেলোয়াড় নির্বাচন,iterative,0.0,0.0,0,1280,-1.0,47.86685900762677,48.01620948710479
correlated,0.0010066148979004888,1,16,শেয়ার বাজার,pre_filter,0.9,1.0,10,10,-1.0,57.594847050495446,58.06146456161514
correlated,0.0010066148979004888,1,16,শেয়ার বাজার,post_filter,0.0,0.0,0,10,-1.0,3.655661945231259,3.8275277882348746
correlated,0.0010066148979004888,1,16,শেয়ার বাজার,over_fetch,0.0,0.0,0,100,-1.0,4.000635992269963,4.166767880087718
correlated,0.0010066148979004888,1,16,শেয়ার বাজার,iterative,0.0,0.0,0,1280,-1.0,52.79285099823028,54.70093200565316
correlated,0.0010066148979004888,1,17,ব্যাংক ঋণ,pre_filter,1.0,1.0,10,10,-1.0,59.105982014443725,59.14707418996841
correlated,0.0010066148979004888,1,17,ব্যাংক ঋণ,post_filter,0.0,0.0,0,10,-1.0,3.7750080227851868,3.9160181942861527
correlated,0.0010066148979004888,1,17,ব্যাংক ঋণ,over_fetch,0.0,0.0,0,100,-1.0,4.046112997457385,4.1581234079785645
correlated,0.0010066148979004888,1,17,ব্যাংক ঋণ,iterative,0.0,0.0,0,1280,-1.0,46.37938900850713,46.56509588821791
correlated,0.0010066148979004888,1,18,অর্থনৈতিক প্রবৃদ্ধি,pre_filter,1.0,1.0,10,10,-1.0,58.86564694810659,59.59298376692459
correlated,0.0010066148979004888,1,18,অর্থনৈতিক প্রবৃদ্ধি,post_filter,0.0,0.0,0,10,-1.0,4.238558001816273,4.53629331314005
correlated,0.0010066148979004888,1,18,অর্থনৈতিক প্রবৃদ্ধি,over_fetch,0.0,0.0,0,100,-1.0,4.113210015930235,4.297168168704957
correlated,0.0010066148979004888,1,18,অর্থনৈতিক প্রবৃদ্ধি,iterative,0.0,0.0,0,1280,-1.0,50.28097803005949,50.2841243869625
correlated,0.0010066148979004888,1,19,বিনিয়োগ বাজার,pre_filter,1.0,1.0,10,10,-1.0,56.67188600637019,57.686589198419824
correlated,0.0010066148979004888,1,19,বিনিয়োগ বাজার,post_filter,0.0,0.0,0,10,-1.0,3.662094008177519,3.869235300226137
correlated,0.0010066148979004888,1,19,বিনিয়োগ বাজার,over_fetch,0.0,0.0,0,100,-1.0,3.982402035035193,4.1229514114093035
correlated,0.0010066148979004888,1,19,বিনিয়োগ বাজার,iterative,0.0,0.0,0,1280,-1.0,46.20314500061795,46.88807468046434
